1330,"[4, 5, 7, 1, 6, 0, 2, 9, 3, 8]",False
1330,"[4, 5, 7, 1, 6, 0, 2, 9, 3, 8]",False
1330,"[4, 5, 7, 1, 6, 0, 2, 9, 3, 8]",False
1330,"[4, 5, 7, 1, 6, 0, 2, 9, 3, 8]",False
1330,"[4, 5, 7, 1, 6, 0, 2, 9, 3, 8]",False
1330,"[4, 5, 7, 1, 6, 0, 2, 9, 3, 8]",False
1330,"[4, 5, 7, 1, 6, 0, 2, 9, 3, 8]",False
1346,"[0, 4, 1, 6, 7, 5, 2, 8, 9, 3]",False
1346,"[0, 4, 1, 6, 7, 5, 2, 8, 9, 3]",False
1346,"[0, 4, 1, 6, 7, 5, 2, 8, 9, 3]",False
1346,"[0, 4, 1, 6, 7, 5, 2, 8, 9, 3]",False
1346,"[0, 4, 1, 6, 7, 5, 2, 8, 9, 3]",False
1346,"[0, 4, 1, 6, 7, 5, 2, 8, 9, 3]",False
1346,"[0, 4, 1, 6, 7, 5, 2, 8, 9, 3]",False
1346,"[0, 4, 1, 6, 7, 5, 2, 8, 9, 3]",False
1346,"[0, 4, 1, 6, 7, 5, 2, 8, 9, 3]",False
1346,"[0, 4, 1, 6, 7, 5, 2, 8, 9, 3]",False
1346,"[0, 4, 1, 6, 7, 5, 2, 8, 9, 3]",False
1346,"[0, 4, 1, 6, 7, 5, 2, 8, 9, 3]",False
1346,"[0, 4, 1, 6, 7, 5, 2, 8, 9, 3]",False
1346,"[0, 4, 1, 6, 7, 5, 2, 8, 9, 3]",False
1346,"[0, 4, 1, 6, 7, 5, 2, 8, 9, 3]",False
1346,"[0, 4, 1, 6, 7, 5, 2, 8, 9, 3]",False
1346,"[0, 4, 1, 6, 7, 5, 2, 8, 9, 3]",False
1346,"[0, 4, 1, 6, 7, 5, 2, 8, 9, 3]",False
1346,"[0, 4, 1, 6, 7, 5, 2, 8, 9, 3]",False
1346,"[0, 4, 1, 6, 7, 5, 2, 8, 9, 3]",False
1346,"[0, 4, 1, 6, 7, 5, 2, 8, 9, 3]",False
1346,"[0, 4, 1, 6, 7, 5, 2, 8, 9, 3]",False
1346,"[0, 4, 1, 6, 7, 5, 2, 8, 9, 3]",False
1346,"[0, 4, 1, 6, 7, 5, 2, 8, 9, 3]",False
1346,"[0, 4, 1, 6, 7, 5, 2, 8, 9, 3]",False
1346,"[0, 4, 1, 6, 7, 5, 2, 8, 9, 3]",False
1346,"[0, 4, 1, 6, 7, 5, 2, 8, 9, 3]",False
1346,"[0, 4, 1, 6, 7, 5, 2, 8, 9, 3]",False
1346,"[0, 4, 1, 6, 7, 5, 2, 8, 9, 3]",False
1346,"[0, 4, 1, 6, 7, 5, 2, 8, 9, 3]",False
1346,"[0, 4, 1, 6, 7, 5, 2, 8, 9, 3]",False
1346,"[0, 4, 1, 6, 7, 5, 2, 8, 9, 3]",False
1346,"[0, 4, 1, 6, 7, 5, 2, 8, 9, 3]",False
1346,"[0, 4, 1, 6, 7, 5, 2, 8, 9, 3]",False
1346,"[0, 4, 1, 6, 7, 5, 2, 8, 9, 3]",False
1346,"[0, 4, 1, 6, 7, 5, 2, 8, 9, 3]",False
1346,"[0, 4, 1, 6, 7, 5, 2, 8, 9, 3]",False
1346,"[0, 4, 1, 6, 7, 5, 2, 8, 9, 3]",False
1346,"[0, 4, 1, 6, 7, 5, 2, 8, 9, 3]",False
1346,"[0, 4, 1, 6, 7, 5, 2, 8, 9, 3]",False
1346,"[0, 4, 1, 6, 7, 5, 2, 8, 9, 3]",False
1346,"[0, 4, 1, 6, 7, 5, 2, 8, 9, 3]",False
1346,"[0, 4, 1, 6, 7, 5, 2, 8, 9, 3]",False
1346,"[0, 4, 1, 6, 7, 5, 2, 8, 9, 3]",False
1346,"[0, 4, 1, 6, 7, 5, 2, 8, 9, 3]",False
1346,"[0, 4, 1, 6, 7, 5, 2, 8, 9, 3]",False
1346,"[0, 4, 1, 6, 7, 5, 2, 8, 9, 3]",False
1346,"[0, 4, 1, 6, 7, 5, 2, 8, 9, 3]",False
1346,"[0, 4, 1, 6, 7, 5, 2, 8, 9, 3]",False
1346,"[0, 4, 1, 6, 7, 5, 2, 8, 9, 3]",False
1346,"[0, 4, 1, 6, 7, 5, 2, 8, 9, 3]",False
1346,"[0, 4, 1, 6, 7, 5, 2, 8, 9, 3]",False
1346,"[0, 4, 1, 6, 7, 5, 2, 8, 9, 3]",False
1346,"[0, 4, 1, 6, 7, 5, 2, 8, 9, 3]",False
1346,"[0, 4, 1, 6, 7, 5, 2, 8, 9, 3]",False
1346,"[0, 4, 1, 6, 7, 5, 2, 8, 9, 3]",False
1346,"[0, 4, 1, 6, 7, 5, 2, 8, 9, 3]",False
1346,"[0, 4, 1, 6, 7, 5, 2, 8, 9, 3]",False
1346,"[0, 4, 1, 6, 7, 5, 2, 8, 9, 3]",False
1346,"[0, 4, 1, 6, 7, 5, 2, 8, 9, 3]",False
1346,"[0, 4, 1, 6, 7, 5, 2, 8, 9, 3]",False
1346,"[0, 4, 1, 6, 7, 5, 2, 8, 9, 3]",False
1346,"[0, 4, 1, 6, 7, 5, 2, 8, 9, 3]",False
1346,"[0, 4, 1, 6, 7, 5, 2, 8, 9, 3]",False
1346,"[0, 4, 1, 6, 7, 5, 2, 8, 9, 3]",False
1346,"[0, 4, 1, 6, 7, 5, 2, 8, 9, 3]",False
1346,"[0, 4, 1, 6, 7, 5, 2, 8, 9, 3]",False
1346,"[0, 4, 1, 6, 7, 5, 2, 8, 9, 3]",False
1346,"[0, 4, 1, 6, 7, 5, 2, 8, 9, 3]",False
1346,"[0, 4, 1, 6, 7, 5, 2, 8, 9, 3]",False
1346,"[0, 4, 1, 6, 7, 5, 2, 8, 9, 3]",False
1346,"[0, 4, 1, 6, 7, 5, 2, 8, 9, 3]",False
1346,"[0, 4, 1, 6, 7, 5, 2, 8, 9, 3]",False
1346,"[0, 4, 1, 6, 7, 5, 2, 8, 9, 3]",False
1346,"[0, 4, 1, 6, 7, 5, 2, 8, 9, 3]",False
1346,"[0, 4, 1, 6, 7, 5, 2, 8, 9, 3]",False
1346,"[0, 4, 1, 6, 7, 5, 2, 8, 9, 3]",False
1346,"[0, 4, 1, 6, 7, 5, 2, 8, 9, 3]",False
1346,"[0, 4, 1, 6, 7, 5, 2, 8, 9, 3]",False
1346,"[0, 4, 1, 6, 7, 5, 2, 8, 9, 3]",False
1346,"[0, 4, 1, 6, 7, 5, 2, 8, 9, 3]",False
1346,"[0, 4, 1, 6, 7, 5, 2, 8, 9, 3]",False
1346,"[4, 6, 1, 0, 2, 5, 7, 8, 9, 3]",False
1346,"[4, 6, 1, 0, 2, 5, 7, 8, 9, 3]",False
1346,"[0, 4, 1, 6, 7, 5, 2, 8, 9, 3]",False
1346,"[0, 4, 1, 6, 7, 5, 2, 8, 9, 3]",False
1346,"[0, 4, 1, 6, 7, 5, 2, 8, 9, 3]",False
1346,"[0, 4, 1, 6, 7, 5, 2, 8, 9, 3]",False
1346,"[0, 4, 1, 6, 7, 5, 2, 8, 9, 3]",False
1346,"[0, 4, 1, 6, 7, 5, 2, 8, 9, 3]",False
1346,"[0, 4, 1, 6, 7, 5, 2, 8, 9, 3]",False
1346,"[0, 4, 1, 6, 7, 5, 2, 8, 9, 3]",False
1346,"[0, 4, 1, 6, 7, 5, 2, 8, 9, 3]",False
1362,"[4, 5, 1, 7, 8, 6, 0, 2, 9, 3]",True
1384,"[5, 2, 3, 1, 7, 4, 9, 6, 8, 0]",True
1385,"[4, 5, 1, 2, 6, 7, 8, 0, 9, 3]",True
1390,"[0, 2, 4, 5, 1, 7, 6, 9, 8, 3]",True
1391,"[5, 2, 0, 7, 4, 6, 1, 3, 9, 8]",True
1394,"[5, 2, 7, 1, 8, 4, 9, 0, 6, 3]",True
1396,"[5, 1, 2, 6, 4, 0, 9, 7, 3, 8]",True
1398,"[4, 6, 1, 3, 2, 0, 5, 7, 9, 8]",True
1399,"[5, 1, 6, 4, 8, 3, 2, 7, 9, 0]",True
1404,"[5, 1, 6, 0, 4, 3, 7, 2, 8, 9]",True
1405,"[1, 2, 9, 6, 7, 4, 5, 0, 3, 8]",True
1405,"[1, 2, 9, 6, 7, 4, 5, 0, 3, 8]",True
1405,"[1, 2, 9, 6, 7, 4, 5, 0, 3, 8]",True
1405,"[1, 2, 9, 6, 7, 4, 5, 0, 3, 8]",True
1405,"[1, 2, 9, 6, 7, 4, 5, 0, 3, 8]",True
1405,"[1, 2, 9, 6, 7, 4, 5, 0, 3, 8]",True
1405,"[1, 2, 9, 6, 7, 4, 5, 0, 3, 8]",True
1405,"[1, 2, 9, 6, 7, 4, 5, 0, 3, 8]",True
1405,"[1, 2, 9, 6, 7, 4, 5, 0, 3, 8]",True
1405,"[1, 2, 9, 6, 7, 4, 5, 0, 3, 8]",True
1406,"[2, 6, 1, 5, 4, 0, 3, 7, 9, 8]",True
1406,"[2, 6, 1, 5, 4, 0, 3, 7, 9, 8]",True
1406,"[2, 6, 1, 5, 4, 0, 3, 7, 9, 8]",True
1406,"[2, 6, 1, 5, 4, 0, 3, 7, 9, 8]",True
1406,"[2, 6, 1, 5, 4, 0, 3, 7, 9, 8]",True
1406,"[2, 6, 1, 5, 4, 0, 3, 7, 9, 8]",True
1406,"[2, 6, 1, 5, 4, 0, 3, 7, 9, 8]",True
1406,"[2, 6, 1, 5, 4, 0, 3, 7, 9, 8]",True
1406,"[2, 6, 1, 5, 4, 0, 3, 7, 9, 8]",True
1406,"[2, 6, 1, 5, 4, 0, 3, 7, 9, 8]",True
1406,"[2, 6, 1, 5, 4, 0, 3, 7, 9, 8]",True
1406,"[2, 6, 1, 5, 4, 0, 3, 7, 9, 8]",True
1406,"[2, 6, 1, 5, 4, 0, 3, 7, 9, 8]",True
1406,"[2, 6, 1, 5, 4, 0, 3, 7, 9, 8]",True
1406,"[2, 6, 1, 5, 4, 0, 3, 7, 9, 8]",True
1406,"[2, 6, 1, 5, 4, 0, 3, 7, 9, 8]",True
1406,"[2, 6, 1, 5, 4, 0, 3, 7, 9, 8]",True
1406,"[2, 6, 1, 5, 4, 0, 3, 7, 9, 8]",True
1406,"[2, 6, 1, 5, 4, 0, 3, 7, 9, 8]",True
1406,"[2, 6, 1, 5, 4, 0, 3, 7, 9, 8]",True
1406,"[2, 6, 1, 5, 4, 0, 3, 7, 9, 8]",True
1406,"[2, 6, 1, 5, 4, 0, 3, 7, 9, 8]",True
1406,"[2, 6, 1, 5, 4, 0, 3, 7, 9, 8]",True
1406,"[2, 6, 1, 5, 4, 0, 3, 7, 9, 8]",True
1406,"[2, 6, 1, 5, 4, 0, 3, 7, 9, 8]",True
1406,"[2, 6, 1, 5, 4, 0, 3, 7, 9, 8]",True
1406,"[2, 6, 1, 5, 4, 0, 3, 7, 9, 8]",True
1406,"[2, 6, 1, 5, 4, 0, 3, 7, 9, 8]",True
1406,"[2, 6, 1, 5, 4, 0, 3, 7, 9, 8]",True
1406,"[2, 6, 1, 5, 4, 0, 3, 7, 9, 8]",True
1406,"[2, 6, 1, 5, 4, 0, 3, 7, 9, 8]",True
1406,"[2, 6, 1, 5, 4, 0, 3, 7, 9, 8]",True
1406,"[2, 6, 1, 5, 4, 0, 3, 7, 9, 8]",True
1406,"[2, 6, 1, 5, 4, 0, 3, 7, 9, 8]",True
1406,"[2, 6, 1, 5, 4, 0, 3, 7, 9, 8]",True
1406,"[2, 6, 1, 5, 4, 0, 3, 7, 9, 8]",True
1406,"[2, 6, 1, 5, 4, 0, 3, 7, 9, 8]",True
1406,"[2, 6, 1, 5, 4, 0, 3, 7, 9, 8]",True
1406,"[2, 6, 1, 5, 4, 0, 3, 7, 9, 8]",True
1406,"[2, 6, 1, 5, 4, 0, 3, 7, 9, 8]",True
1406,"[2, 6, 1, 5, 4, 0, 3, 7, 9, 8]",True
1406,"[2, 6, 1, 5, 4, 0, 3, 7, 9, 8]",True
1406,"[2, 6, 1, 5, 4, 0, 3, 7, 9, 8]",True
1406,"[2, 6, 1, 5, 4, 0, 3, 7, 9, 8]",True
1406,"[2, 6, 1, 5, 4, 0, 3, 7, 9, 8]",True
1406,"[2, 6, 1, 5, 4, 0, 3, 7, 9, 8]",True
1406,"[2, 6, 1, 5, 4, 0, 3, 7, 9, 8]",True
1406,"[2, 6, 1, 5, 4, 0, 3, 7, 9, 8]",True
1406,"[2, 6, 1, 5, 4, 0, 3, 7, 9, 8]",True
1406,"[2, 6, 1, 5, 4, 0, 3, 7, 9, 8]",True
1406,"[2, 6, 1, 5, 4, 0, 3, 7, 9, 8]",True
1406,"[2, 6, 1, 5, 4, 0, 3, 7, 9, 8]",True
1406,"[2, 6, 1, 5, 4, 0, 3, 7, 9, 8]",True
1406,"[2, 6, 1, 5, 4, 0, 3, 7, 9, 8]",True
1406,"[2, 6, 1, 5, 4, 0, 3, 7, 9, 8]",True
1406,"[2, 6, 1, 5, 4, 0, 3, 7, 9, 8]",True
1406,"[2, 6, 1, 5, 4, 0, 3, 7, 9, 8]",True
1406,"[2, 6, 1, 5, 4, 0, 3, 7, 9, 8]",True
1406,"[2, 6, 1, 5, 4, 0, 3, 7, 9, 8]",True
1406,"[2, 6, 1, 5, 4, 0, 3, 7, 9, 8]",True
1406,"[2, 6, 1, 5, 4, 0, 3, 7, 9, 8]",True
1406,"[2, 6, 1, 5, 4, 0, 3, 7, 9, 8]",True
1406,"[2, 6, 1, 5, 4, 0, 3, 7, 9, 8]",True
1406,"[2, 6, 1, 5, 4, 0, 3, 7, 9, 8]",True
1406,"[2, 6, 1, 5, 4, 0, 3, 7, 9, 8]",True
1406,"[2, 6, 1, 5, 4, 0, 3, 7, 9, 8]",True
1406,"[2, 6, 1, 5, 4, 0, 3, 7, 9, 8]",True
1406,"[2, 6, 1, 5, 4, 0, 3, 7, 9, 8]",True
1406,"[2, 6, 1, 5, 4, 0, 3, 7, 9, 8]",True
1406,"[2, 6, 1, 5, 4, 0, 3, 7, 9, 8]",True
1406,"[2, 6, 1, 5, 4, 0, 3, 7, 9, 8]",True
1406,"[2, 6, 1, 5, 4, 0, 3, 7, 9, 8]",True
1406,"[2, 6, 1, 5, 4, 0, 3, 7, 9, 8]",True
1406,"[2, 6, 1, 5, 4, 0, 3, 7, 9, 8]",True
1406,"[2, 6, 1, 5, 4, 0, 3, 7, 9, 8]",True
1406,"[2, 6, 1, 5, 4, 0, 3, 7, 9, 8]",True
1406,"[2, 6, 1, 5, 4, 0, 3, 7, 9, 8]",True
1406,"[2, 6, 1, 5, 4, 0, 3, 7, 9, 8]",True
1406,"[2, 6, 1, 5, 4, 0, 3, 7, 9, 8]",True
1406,"[2, 6, 1, 5, 4, 0, 3, 7, 9, 8]",True
1373,"[1, 5, 7, 8, 4, 6, 2, 0, 9, 3]",True
1373,"[1, 5, 7, 8, 4, 6, 2, 0, 9, 3]",True
1373,"[7, 1, 2, 0, 5, 6, 4, 9, 8, 3]",True
1394,"[6, 4, 2, 7, 5, 8, 1, 0, 9, 3]",True
1404,"[0, 8, 7, 4, 5, 1, 6, 9, 3, 2]",True
1413,"[4, 0, 1, 3, 6, 5, 2, 8, 9, 7]",True
1433,"[0, 6, 7, 5, 2, 9, 8, 4, 3, 1]",True
1435,"[1, 6, 5, 7, 0, 2, 4, 8, 3, 9]",True
1435,"[1, 6, 5, 7, 0, 2, 4, 8, 3, 9]",True
1435,"[1, 6, 5, 7, 0, 2, 4, 8, 3, 9]",True
1435,"[1, 6, 5, 7, 0, 2, 4, 8, 3, 9]",True
1435,"[1, 6, 5, 7, 0, 2, 4, 8, 3, 9]",True
1435,"[1, 6, 5, 7, 0, 2, 4, 8, 3, 9]",True
1435,"[1, 6, 5, 7, 0, 2, 4, 8, 3, 9]",True
1435,"[1, 6, 5, 7, 0, 2, 4, 8, 3, 9]",True
1435,"[1, 6, 5, 7, 0, 2, 4, 8, 3, 9]",True
1435,"[1, 6, 5, 7, 0, 2, 4, 8, 3, 9]",True
1435,"[1, 6, 5, 7, 0, 2, 4, 8, 3, 9]",True
1435,"[1, 6, 5, 7, 0, 2, 4, 8, 3, 9]",True
1435,"[1, 6, 5, 7, 0, 2, 4, 8, 3, 9]",True
1435,"[1, 6, 5, 7, 0, 2, 4, 8, 3, 9]",True
1435,"[1, 6, 5, 7, 0, 2, 4, 8, 3, 9]",True
1435,"[1, 6, 5, 7, 0, 2, 4, 8, 3, 9]",True
1435,"[1, 6, 5, 7, 0, 2, 4, 8, 3, 9]",True
1435,"[1, 6, 5, 7, 0, 2, 4, 8, 3, 9]",True
1435,"[1, 6, 5, 7, 0, 2, 4, 8, 3, 9]",True
1435,"[1, 6, 5, 7, 0, 2, 4, 8, 3, 9]",True
1435,"[1, 6, 5, 7, 0, 2, 4, 8, 3, 9]",True
1435,"[1, 6, 5, 7, 0, 2, 4, 8, 3, 9]",True
1435,"[1, 6, 5, 7, 0, 2, 4, 8, 3, 9]",True
1435,"[1, 6, 5, 7, 0, 2, 4, 8, 3, 9]",True
1435,"[1, 6, 5, 7, 0, 2, 4, 8, 3, 9]",True
1435,"[1, 6, 5, 7, 0, 2, 4, 8, 3, 9]",True
1435,"[1, 6, 5, 7, 0, 2, 4, 8, 3, 9]",True
1435,"[1, 6, 5, 7, 0, 2, 4, 8, 3, 9]",True
1435,"[1, 6, 5, 7, 0, 2, 4, 8, 3, 9]",True
1435,"[1, 6, 5, 7, 0, 2, 4, 8, 3, 9]",True
1435,"[1, 6, 5, 7, 0, 2, 4, 8, 3, 9]",True
1435,"[1, 6, 5, 7, 0, 2, 4, 8, 3, 9]",True
1435,"[1, 6, 5, 7, 0, 2, 4, 8, 3, 9]",True
1435,"[1, 6, 5, 7, 0, 2, 4, 8, 3, 9]",True
1435,"[1, 6, 5, 7, 0, 2, 4, 8, 3, 9]",True
1435,"[1, 6, 5, 7, 0, 2, 4, 8, 3, 9]",True
1435,"[1, 6, 5, 7, 0, 2, 4, 8, 3, 9]",True
1435,"[1, 6, 5, 7, 0, 2, 4, 8, 3, 9]",True
1435,"[1, 6, 5, 7, 0, 2, 4, 8, 3, 9]",True
1435,"[1, 6, 5, 7, 0, 2, 4, 8, 3, 9]",True
1435,"[1, 6, 5, 7, 0, 2, 4, 8, 3, 9]",True
1435,"[1, 6, 5, 7, 0, 2, 4, 8, 3, 9]",True
1435,"[1, 6, 5, 7, 0, 2, 4, 8, 3, 9]",True
1435,"[1, 6, 5, 7, 0, 2, 4, 8, 3, 9]",True
1435,"[1, 6, 5, 7, 0, 2, 4, 8, 3, 9]",True
1435,"[1, 6, 5, 7, 0, 2, 4, 8, 3, 9]",True
1435,"[1, 6, 5, 7, 0, 2, 4, 8, 3, 9]",True
1435,"[1, 6, 5, 7, 0, 2, 4, 8, 3, 9]",True
1435,"[1, 6, 5, 7, 0, 2, 4, 8, 3, 9]",True
1435,"[1, 6, 5, 7, 0, 2, 4, 8, 3, 9]",True
1435,"[1, 6, 5, 7, 0, 2, 4, 8, 3, 9]",True
1435,"[1, 6, 5, 7, 0, 2, 4, 8, 3, 9]",True
1435,"[1, 6, 5, 7, 0, 2, 4, 8, 3, 9]",True
1435,"[1, 6, 5, 7, 0, 2, 4, 8, 3, 9]",True
1435,"[1, 6, 5, 7, 0, 2, 4, 8, 3, 9]",True
1435,"[1, 6, 5, 7, 0, 2, 4, 8, 3, 9]",True
1435,"[1, 6, 5, 7, 0, 2, 4, 8, 3, 9]",True
1435,"[1, 6, 5, 7, 0, 2, 4, 8, 3, 9]",True
1435,"[1, 6, 5, 7, 0, 2, 4, 8, 3, 9]",True
1435,"[1, 6, 5, 7, 0, 2, 4, 8, 3, 9]",True
1435,"[1, 5, 7, 6, 0, 2, 4, 8, 3, 9]",True
1435,"[2, 5, 7, 6, 0, 8, 4, 1, 3, 9]",True
1435,"[1, 5, 7, 6, 0, 2, 4, 8, 3, 9]",True
1435,"[1, 5, 7, 6, 0, 2, 4, 8, 3, 9]",True
1435,"[2, 5, 7, 6, 0, 8, 4, 1, 3, 9]",True
1435,"[2, 5, 7, 6, 0, 8, 4, 1, 3, 9]",True
1435,"[1, 6, 5, 7, 0, 2, 4, 8, 3, 9]",True
1435,"[1, 6, 5, 7, 0, 2, 4, 8, 3, 9]",True
1435,"[2, 5, 7, 6, 0, 8, 4, 1, 3, 9]",True
1435,"[1, 6, 5, 7, 0, 2, 4, 8, 3, 9]",True
1435,"[2, 5, 7, 6, 0, 8, 4, 1, 3, 9]",True
1435,"[2, 5, 7, 6, 0, 8, 4, 1, 3, 9]",True
1438,"[1, 6, 5, 7, 3, 2, 9, 8, 0, 4]",True
1438,"[1, 6, 5, 7, 3, 2, 9, 8, 0, 4]",True
1438,"[1, 6, 5, 7, 3, 2, 9, 8, 0, 4]",True
1438,"[1, 6, 5, 7, 3, 2, 9, 8, 0, 4]",True
1438,"[1, 6, 5, 7, 3, 2, 9, 8, 0, 4]",True
1438,"[1, 6, 5, 7, 3, 2, 9, 8, 0, 4]",True
1438,"[5, 8, 6, 0, 1, 3, 2, 4, 7, 9]",True
1438,"[1, 6, 5, 7, 3, 2, 9, 8, 0, 4]",True
1443,"[4, 5, 2, 6, 9, 3, 0, 1, 7, 8]",True
1446,"[3, 2, 7, 5, 6, 1, 4, 8, 9, 0]",True
1448,"[4, 6, 0, 5, 3, 8, 7, 2, 1, 9]",True
1453,"[1, 0, 4, 3, 2, 9, 6, 8, 5, 7]",True
1456,"[7, 0, 5, 1, 4, 8, 6, 9, 2, 3]",True
1456,"[7, 0, 5, 1, 4, 8, 6, 9, 2, 3]",True
1456,"[7, 0, 5, 1, 4, 8, 6, 9, 2, 3]",True
1456,"[7, 0, 5, 1, 4, 8, 6, 9, 2, 3]",True
1456,"[7, 0, 5, 1, 4, 8, 6, 9, 2, 3]",True
1456,"[7, 0, 5, 1, 4, 8, 6, 9, 2, 3]",True
1456,"[7, 0, 5, 1, 4, 8, 6, 9, 2, 3]",True
1456,"[7, 0, 5, 1, 4, 8, 6, 9, 2, 3]",True
1456,"[7, 0, 5, 1, 4, 8, 6, 9, 2, 3]",True
1399,"[1, 5, 4, 8, 3, 2, 0, 9, 6, 7]",True
1414,"[0, 5, 6, 8, 7, 4, 3, 1, 2, 9]",True
1414,"[0, 5, 6, 8, 7, 4, 3, 1, 2, 9]",True
1414,"[0, 5, 6, 8, 7, 4, 3, 1, 2, 9]",True
1414,"[0, 5, 6, 8, 7, 4, 3, 1, 2, 9]",True
1414,"[0, 5, 6, 8, 7, 4, 3, 1, 2, 9]",True
1414,"[0, 5, 6, 8, 7, 4, 3, 1, 2, 9]",True
1414,"[0, 5, 6, 8, 7, 4, 3, 1, 2, 9]",True
1414,"[0, 5, 6, 8, 7, 4, 3, 1, 2, 9]",True
1414,"[0, 5, 6, 8, 7, 4, 3, 1, 2, 9]",True
1414,"[0, 5, 6, 8, 7, 4, 3, 1, 2, 9]",True
1414,"[0, 5, 6, 8, 7, 4, 3, 1, 2, 9]",True
1414,"[0, 5, 6, 8, 7, 4, 3, 1, 2, 9]",True
1414,"[0, 5, 6, 8, 7, 4, 3, 1, 2, 9]",True
1414,"[0, 5, 6, 8, 7, 4, 3, 1, 2, 9]",True
1414,"[0, 5, 6, 8, 7, 4, 3, 1, 2, 9]",True
1414,"[0, 5, 6, 8, 7, 4, 3, 1, 2, 9]",True
1414,"[0, 5, 6, 8, 7, 4, 3, 1, 2, 9]",True
1414,"[0, 5, 6, 8, 7, 4, 3, 1, 2, 9]",True
1414,"[0, 5, 6, 8, 7, 4, 3, 1, 2, 9]",True
1414,"[0, 5, 6, 8, 7, 4, 3, 1, 2, 9]",True
1414,"[0, 5, 6, 8, 7, 4, 3, 1, 2, 9]",True
1414,"[0, 5, 6, 8, 7, 4, 3, 1, 2, 9]",True
1414,"[0, 5, 6, 8, 7, 4, 3, 1, 2, 9]",True
1414,"[0, 5, 6, 8, 7, 4, 3, 1, 2, 9]",True
1414,"[0, 5, 6, 8, 7, 4, 3, 1, 2, 9]",True
1414,"[0, 5, 6, 8, 7, 4, 3, 1, 2, 9]",True
1414,"[0, 5, 6, 8, 7, 4, 3, 1, 2, 9]",True
1414,"[0, 5, 6, 8, 7, 4, 3, 1, 2, 9]",True
1414,"[0, 5, 6, 8, 7, 4, 3, 1, 2, 9]",True
1414,"[0, 5, 6, 8, 7, 4, 3, 1, 2, 9]",True
1414,"[0, 5, 6, 8, 7, 4, 3, 1, 2, 9]",True
1414,"[0, 5, 6, 8, 7, 4, 3, 1, 2, 9]",True
1414,"[0, 5, 6, 8, 7, 4, 3, 1, 2, 9]",True
1414,"[0, 5, 6, 8, 7, 4, 3, 1, 2, 9]",True
1414,"[0, 5, 6, 8, 7, 4, 3, 1, 2, 9]",True
1414,"[0, 5, 6, 8, 7, 4, 3, 1, 2, 9]",True
1414,"[0, 5, 6, 8, 7, 4, 3, 1, 2, 9]",True
1414,"[0, 5, 6, 8, 7, 4, 3, 1, 2, 9]",True
1414,"[0, 5, 6, 8, 7, 4, 3, 1, 2, 9]",True
1414,"[0, 5, 6, 8, 7, 4, 3, 1, 2, 9]",True
1414,"[0, 5, 6, 8, 7, 4, 3, 1, 2, 9]",True
1414,"[0, 5, 6, 8, 7, 4, 3, 1, 2, 9]",True
1414,"[0, 5, 6, 8, 7, 4, 3, 1, 2, 9]",True
1414,"[0, 5, 6, 8, 7, 4, 3, 1, 2, 9]",True
1414,"[0, 5, 6, 8, 7, 4, 3, 1, 2, 9]",True
1414,"[0, 5, 6, 8, 7, 4, 3, 1, 2, 9]",True
1414,"[0, 5, 6, 8, 7, 4, 3, 1, 2, 9]",True
1414,"[0, 5, 6, 8, 7, 4, 3, 1, 2, 9]",True
1414,"[0, 5, 6, 8, 7, 4, 3, 1, 2, 9]",True
1414,"[0, 5, 6, 8, 7, 4, 3, 1, 2, 9]",True
1414,"[0, 5, 6, 8, 7, 4, 3, 1, 2, 9]",True
1414,"[0, 5, 6, 8, 7, 4, 3, 1, 2, 9]",True
1414,"[0, 5, 6, 8, 7, 4, 3, 1, 2, 9]",True
1414,"[0, 5, 6, 8, 7, 4, 3, 1, 2, 9]",True
1414,"[0, 5, 6, 8, 7, 4, 3, 1, 2, 9]",True
1414,"[0, 5, 6, 8, 7, 4, 3, 1, 2, 9]",True
1414,"[0, 5, 6, 8, 7, 4, 3, 1, 2, 9]",True
1414,"[0, 5, 6, 8, 7, 4, 3, 1, 2, 9]",True
1414,"[0, 5, 6, 8, 7, 4, 3, 1, 2, 9]",True
1414,"[0, 5, 6, 8, 7, 4, 3, 1, 2, 9]",True
1414,"[0, 5, 6, 8, 7, 4, 3, 1, 2, 9]",True
1414,"[0, 5, 6, 8, 7, 4, 3, 1, 2, 9]",True
1414,"[0, 5, 6, 8, 7, 4, 3, 1, 2, 9]",True
1414,"[0, 5, 6, 8, 7, 4, 3, 1, 2, 9]",True
1414,"[0, 5, 6, 8, 7, 4, 3, 1, 2, 9]",True
1414,"[0, 5, 6, 8, 7, 4, 3, 1, 2, 9]",True
1414,"[0, 5, 6, 8, 7, 4, 3, 1, 2, 9]",True
1414,"[0, 5, 6, 8, 7, 4, 3, 1, 2, 9]",True
1414,"[0, 5, 6, 8, 7, 4, 3, 1, 2, 9]",True
1414,"[0, 5, 6, 8, 7, 4, 3, 1, 2, 9]",True
1414,"[0, 5, 6, 8, 7, 4, 3, 1, 2, 9]",True
1414,"[0, 5, 6, 8, 7, 4, 3, 1, 2, 9]",True
1414,"[0, 5, 6, 8, 7, 4, 3, 1, 2, 9]",True
1414,"[0, 5, 6, 8, 7, 4, 3, 1, 2, 9]",True
1414,"[0, 5, 6, 8, 7, 4, 3, 1, 2, 9]",True
1414,"[0, 5, 6, 8, 7, 4, 3, 1, 2, 9]",True
1414,"[0, 5, 6, 8, 7, 4, 3, 1, 2, 9]",True
1414,"[0, 5, 6, 8, 7, 4, 3, 1, 2, 9]",True
1414,"[0, 5, 6, 8, 7, 4, 3, 1, 2, 9]",True
1414,"[0, 5, 6, 8, 7, 4, 3, 1, 2, 9]",True
1414,"[0, 5, 6, 8, 7, 4, 3, 1, 2, 9]",True
1414,"[0, 5, 6, 8, 7, 4, 3, 1, 2, 9]",True
1414,"[0, 5, 6, 8, 7, 4, 3, 1, 2, 9]",True
1414,"[0, 5, 6, 8, 7, 4, 3, 1, 2, 9]",True
1414,"[0, 5, 6, 8, 7, 4, 3, 1, 2, 9]",True
1414,"[0, 5, 6, 8, 7, 4, 3, 1, 2, 9]",True
1414,"[0, 5, 6, 8, 7, 4, 3, 1, 2, 9]",True
1414,"[0, 5, 6, 8, 7, 4, 3, 1, 2, 9]",True
1414,"[0, 5, 6, 8, 7, 4, 3, 1, 2, 9]",True
1414,"[0, 5, 6, 8, 7, 4, 3, 1, 2, 9]",True
1414,"[0, 5, 6, 8, 7, 4, 3, 1, 2, 9]",True
1414,"[0, 5, 6, 8, 7, 4, 3, 1, 2, 9]",True
1414,"[0, 5, 6, 8, 7, 4, 3, 1, 2, 9]",True
1414,"[0, 5, 6, 8, 7, 4, 3, 1, 2, 9]",True
1414,"[0, 5, 6, 8, 7, 4, 3, 1, 2, 9]",True
1414,"[0, 5, 6, 8, 7, 4, 3, 1, 2, 9]",True
1414,"[0, 5, 6, 8, 7, 4, 3, 1, 2, 9]",True
1414,"[0, 5, 6, 8, 7, 4, 3, 1, 2, 9]",True
1414,"[0, 5, 6, 8, 7, 4, 3, 1, 2, 9]",True
1383,"[4, 6, 5, 3, 1, 2, 9, 8, 7, 0]",True
1402,"[5, 6, 2, 3, 4, 0, 7, 1, 9, 8]",True
1406,"[2, 7, 1, 0, 5, 6, 4, 9, 8, 3]",True
1435,"[4, 0, 1, 5, 2, 8, 7, 6, 3, 9]",True
1435,"[2, 5, 8, 4, 0, 6, 1, 7, 3, 9]",True
1435,"[5, 8, 4, 2, 1, 6, 0, 7, 3, 9]",True
1436,"[7, 1, 2, 5, 4, 0, 8, 9, 3, 6]",True
1440,"[0, 3, 4, 1, 6, 5, 7, 8, 2, 9]",True
1446,"[8, 4, 7, 6, 1, 5, 3, 0, 2, 9]",True
1447,"[4, 9, 8, 2, 1, 6, 7, 3, 5, 0]",True
1447,"[9, 1, 3, 2, 4, 5, 7, 6, 8, 0]",True
1449,"[7, 1, 8, 0, 6, 5, 4, 3, 9, 2]",True
1452,"[9, 6, 5, 1, 3, 2, 4, 8, 7, 0]",True
1453,"[1, 6, 5, 0, 3, 9, 2, 4, 8, 7]",True
1455,"[4, 5, 2, 8, 9, 0, 3, 6, 1, 7]",True
1456,"[8, 1, 2, 6, 0, 3, 7, 4, 5, 9]",True
1457,"[5, 8, 6, 1, 0, 2, 7, 3, 4, 9]",True
1458,"[5, 8, 7, 2, 4, 3, 0, 6, 1, 9]",True
1458,"[5, 8, 7, 2, 4, 3, 0, 6, 1, 9]",True
1458,"[5, 8, 7, 2, 4, 3, 0, 6, 1, 9]",True
1458,"[5, 8, 7, 2, 4, 3, 0, 6, 1, 9]",True
1458,"[5, 8, 7, 2, 4, 3, 0, 6, 1, 9]",True
1458,"[5, 8, 7, 2, 4, 3, 0, 6, 1, 9]",True
1458,"[5, 8, 7, 2, 4, 3, 0, 6, 1, 9]",True
1458,"[5, 8, 7, 2, 4, 3, 0, 6, 1, 9]",True
1458,"[5, 8, 7, 2, 4, 3, 0, 6, 1, 9]",True
1458,"[5, 8, 7, 2, 4, 3, 0, 6, 1, 9]",True
1458,"[5, 8, 7, 2, 4, 3, 0, 6, 1, 9]",True
1458,"[5, 8, 7, 2, 4, 3, 0, 6, 1, 9]",True
1458,"[5, 8, 7, 2, 4, 3, 0, 6, 1, 9]",True
1458,"[5, 8, 7, 2, 4, 3, 0, 6, 1, 9]",True
1458,"[5, 8, 7, 2, 4, 3, 0, 6, 1, 9]",True
1458,"[5, 8, 7, 2, 4, 3, 0, 6, 1, 9]",True
1458,"[5, 8, 7, 2, 4, 3, 0, 6, 1, 9]",True
1458,"[5, 8, 7, 2, 4, 3, 0, 6, 1, 9]",True
1458,"[5, 8, 7, 2, 4, 3, 0, 6, 1, 9]",True
1458,"[5, 8, 7, 2, 4, 3, 0, 6, 1, 9]",True
1458,"[5, 8, 7, 2, 4, 3, 0, 6, 1, 9]",True
1458,"[5, 8, 7, 2, 4, 3, 0, 6, 1, 9]",True
1458,"[5, 8, 7, 2, 4, 3, 0, 6, 1, 9]",True
1458,"[5, 8, 7, 2, 4, 3, 0, 6, 1, 9]",True
1458,"[5, 8, 7, 2, 4, 3, 0, 6, 1, 9]",True
1458,"[5, 8, 7, 2, 4, 3, 0, 6, 1, 9]",True
1458,"[5, 8, 7, 2, 4, 3, 0, 6, 1, 9]",True
1458,"[5, 8, 7, 2, 4, 3, 0, 6, 1, 9]",True
1458,"[5, 8, 7, 2, 4, 3, 0, 6, 1, 9]",True
1458,"[5, 8, 7, 2, 4, 3, 0, 6, 1, 9]",True
1458,"[5, 8, 7, 2, 4, 3, 0, 6, 1, 9]",True
1458,"[5, 8, 7, 2, 4, 3, 0, 6, 1, 9]",True
1458,"[5, 8, 7, 2, 4, 3, 0, 6, 1, 9]",True
1458,"[5, 8, 7, 2, 4, 3, 0, 6, 1, 9]",True
1458,"[5, 8, 7, 2, 4, 3, 0, 6, 1, 9]",True
1458,"[5, 8, 7, 2, 4, 3, 0, 6, 1, 9]",True
1458,"[5, 8, 7, 2, 4, 3, 0, 6, 1, 9]",True
1458,"[5, 8, 7, 2, 4, 3, 0, 6, 1, 9]",True
1458,"[5, 8, 7, 2, 4, 3, 0, 6, 1, 9]",True
1458,"[5, 8, 7, 2, 4, 3, 0, 6, 1, 9]",True
1458,"[5, 8, 7, 2, 4, 3, 0, 6, 1, 9]",True
1458,"[5, 8, 7, 2, 4, 3, 0, 6, 1, 9]",True
1458,"[5, 8, 7, 2, 4, 3, 0, 6, 1, 9]",True
1458,"[5, 8, 7, 2, 4, 3, 0, 6, 1, 9]",True
1458,"[5, 8, 7, 2, 4, 3, 0, 6, 1, 9]",True
1458,"[5, 8, 7, 2, 4, 3, 0, 6, 1, 9]",True
1458,"[5, 8, 7, 2, 4, 3, 0, 6, 1, 9]",True
1458,"[5, 8, 7, 2, 4, 3, 0, 6, 1, 9]",True
1458,"[5, 8, 7, 2, 4, 3, 0, 6, 1, 9]",True
1458,"[5, 8, 7, 2, 4, 3, 0, 6, 1, 9]",True
1458,"[5, 8, 7, 2, 4, 3, 0, 6, 1, 9]",True
1458,"[5, 8, 7, 2, 4, 3, 0, 6, 1, 9]",True
1458,"[5, 8, 7, 2, 4, 3, 0, 6, 1, 9]",True
1458,"[5, 8, 7, 2, 4, 3, 0, 6, 1, 9]",True
1458,"[5, 8, 7, 2, 4, 3, 0, 6, 1, 9]",True
1458,"[5, 8, 7, 2, 4, 3, 0, 6, 1, 9]",True
1458,"[5, 8, 7, 2, 4, 3, 0, 6, 1, 9]",True
1458,"[5, 8, 7, 2, 4, 3, 0, 6, 1, 9]",True
1458,"[5, 8, 7, 2, 4, 3, 0, 6, 1, 9]",True
1458,"[5, 8, 7, 2, 4, 3, 0, 6, 1, 9]",True
1458,"[5, 8, 7, 2, 4, 3, 0, 6, 1, 9]",True
1458,"[5, 8, 7, 2, 4, 3, 0, 6, 1, 9]",True
1458,"[5, 8, 7, 2, 4, 3, 0, 6, 1, 9]",True
1458,"[5, 8, 7, 2, 4, 3, 0, 6, 1, 9]",True
1458,"[5, 8, 7, 2, 4, 3, 0, 6, 1, 9]",True
1458,"[5, 8, 7, 2, 4, 3, 0, 6, 1, 9]",True
1458,"[5, 8, 7, 2, 4, 3, 0, 6, 1, 9]",True
1458,"[5, 8, 7, 2, 4, 3, 0, 6, 1, 9]",True
1458,"[5, 8, 7, 2, 4, 3, 0, 6, 1, 9]",True
1458,"[5, 8, 7, 2, 4, 3, 0, 6, 1, 9]",True
1458,"[5, 8, 7, 2, 4, 3, 0, 6, 1, 9]",True
1458,"[5, 8, 7, 2, 4, 3, 0, 6, 1, 9]",True
1458,"[5, 8, 7, 2, 4, 3, 0, 6, 1, 9]",True
1458,"[5, 8, 7, 2, 4, 3, 0, 6, 1, 9]",True
1458,"[5, 8, 7, 2, 4, 3, 0, 6, 1, 9]",True
1458,"[5, 8, 7, 2, 4, 3, 0, 6, 1, 9]",True
1458,"[5, 8, 7, 2, 4, 3, 0, 6, 1, 9]",True
1458,"[5, 8, 7, 2, 4, 3, 0, 6, 1, 9]",True
1458,"[5, 8, 7, 2, 4, 3, 0, 6, 1, 9]",True
1458,"[5, 8, 7, 2, 4, 3, 0, 6, 1, 9]",True
1458,"[5, 8, 7, 2, 4, 3, 0, 6, 1, 9]",True
1458,"[5, 8, 7, 2, 4, 3, 0, 6, 1, 9]",True
1458,"[5, 8, 7, 2, 4, 3, 0, 6, 1, 9]",True
1385,"[6, 7, 4, 1, 0, 2, 5, 8, 9, 3]",True
1389,"[0, 5, 2, 8, 4, 1, 7, 9, 6, 3]",True
1393,"[8, 1, 6, 7, 5, 4, 2, 0, 9, 3]",True
1403,"[4, 0, 1, 2, 3, 5, 7, 6, 9, 8]",True
1404,"[8, 5, 1, 4, 6, 2, 7, 0, 9, 3]",True
1419,"[6, 1, 0, 7, 2, 5, 3, 4, 9, 8]",True
1419,"[6, 1, 0, 7, 2, 5, 3, 4, 9, 8]",True
1419,"[6, 1, 0, 7, 2, 5, 3, 4, 9, 8]",True
1419,"[6, 1, 0, 7, 2, 5, 3, 4, 9, 8]",True
1422,"[7, 6, 5, 8, 4, 1, 3, 2, 9, 0]",True
1422,"[1, 4, 5, 2, 8, 3, 6, 7, 9, 0]",True
1425,"[2, 5, 4, 1, 3, 8, 7, 9, 6, 0]",True
1428,"[2, 1, 4, 5, 7, 6, 0, 9, 8, 3]",True
1433,"[8, 7, 2, 0, 6, 5, 1, 4, 9, 3]",True
1447,"[7, 3, 2, 5, 6, 8, 4, 1, 9, 0]",True
1447,"[7, 3, 2, 5, 6, 8, 4, 1, 9, 0]",True
1447,"[7, 3, 2, 5, 6, 8, 4, 1, 9, 0]",True
1448,"[1, 5, 4, 0, 6, 8, 7, 3, 9, 2]",True
1451,"[6, 0, 7, 4, 2, 3, 1, 5, 8, 9]",True
1452,"[7, 1, 8, 2, 4, 6, 5, 3, 0, 9]",True
1453,"[0, 6, 7, 5, 4, 8, 2, 9, 3, 1]",True
1453,"[8, 7, 6, 1, 0, 2, 4, 9, 3, 5]",True
1455,"[8, 1, 0, 5, 6, 3, 4, 7, 9, 2]",True
1455,"[8, 1, 0, 5, 6, 3, 4, 7, 9, 2]",True
1455,"[8, 1, 0, 5, 6, 3, 4, 7, 9, 2]",True
1455,"[8, 1, 0, 5, 6, 3, 4, 7, 9, 2]",True
1455,"[8, 1, 0, 5, 6, 3, 4, 7, 9, 2]",True
1455,"[8, 1, 0, 5, 6, 3, 4, 7, 9, 2]",True
1455,"[8, 1, 0, 5, 6, 3, 4, 7, 9, 2]",True
1455,"[8, 1, 0, 5, 6, 3, 4, 7, 9, 2]",True
1455,"[8, 1, 0, 5, 6, 3, 4, 7, 9, 2]",True
1466,"[1, 2, 7, 6, 5, 0, 8, 9, 4, 3]",True
1467,"[4, 5, 7, 6, 1, 9, 0, 8, 2, 3]",True
1467,"[5, 2, 0, 4, 6, 8, 1, 9, 7, 3]",True
1467,"[5, 2, 1, 0, 7, 4, 8, 6, 3, 9]",True
1467,"[1, 2, 9, 7, 3, 5, 4, 6, 0, 8]",True
1473,"[1, 8, 5, 6, 3, 4, 2, 9, 7, 0]",True
1475,"[5, 3, 2, 0, 7, 1, 6, 4, 9, 8]",True
1475,"[5, 3, 2, 0, 7, 1, 6, 4, 9, 8]",True
1475,"[5, 3, 2, 0, 7, 1, 6, 4, 9, 8]",True
1475,"[5, 3, 2, 0, 7, 1, 6, 4, 9, 8]",True
1475,"[5, 3, 2, 0, 7, 1, 6, 4, 9, 8]",True
1475,"[5, 3, 2, 0, 7, 1, 6, 4, 9, 8]",True
1475,"[5, 3, 2, 0, 7, 1, 6, 4, 9, 8]",True
1475,"[5, 3, 2, 0, 7, 1, 6, 4, 9, 8]",True
1475,"[5, 3, 2, 0, 7, 1, 6, 4, 9, 8]",True
1475,"[5, 3, 2, 0, 7, 1, 6, 4, 9, 8]",True
1475,"[5, 3, 2, 0, 7, 1, 6, 4, 9, 8]",True
1475,"[5, 3, 2, 0, 7, 1, 6, 4, 9, 8]",True
1475,"[5, 3, 2, 0, 7, 1, 6, 4, 9, 8]",True
1475,"[5, 3, 2, 0, 7, 1, 6, 4, 9, 8]",True
1475,"[5, 3, 2, 0, 7, 1, 6, 4, 9, 8]",True
1475,"[5, 3, 2, 0, 7, 1, 6, 4, 9, 8]",True
1475,"[5, 3, 2, 0, 7, 1, 6, 4, 9, 8]",True
1475,"[5, 3, 2, 0, 7, 1, 6, 4, 9, 8]",True
1477,"[7, 2, 3, 5, 6, 8, 4, 1, 9, 0]",True
1477,"[7, 2, 3, 5, 6, 8, 4, 1, 9, 0]",True
1477,"[7, 2, 3, 5, 6, 8, 4, 1, 9, 0]",True
1477,"[7, 2, 3, 5, 6, 8, 4, 1, 9, 0]",True
1477,"[7, 2, 3, 5, 6, 8, 4, 1, 9, 0]",True
1477,"[7, 2, 3, 5, 6, 8, 4, 1, 9, 0]",True
1477,"[7, 2, 3, 5, 6, 8, 4, 1, 9, 0]",True
1477,"[7, 2, 3, 5, 6, 8, 4, 1, 9, 0]",True
1477,"[7, 2, 3, 5, 6, 8, 4, 1, 9, 0]",True
1477,"[7, 2, 3, 5, 6, 8, 4, 1, 9, 0]",True
1477,"[7, 2, 3, 5, 6, 8, 4, 1, 9, 0]",True
1477,"[7, 2, 3, 5, 6, 8, 4, 1, 9, 0]",True
1477,"[7, 2, 3, 5, 6, 8, 4, 1, 9, 0]",True
1477,"[7, 2, 3, 5, 6, 8, 4, 1, 9, 0]",True
1477,"[7, 2, 3, 5, 6, 8, 4, 1, 9, 0]",True
1477,"[7, 2, 3, 5, 6, 8, 4, 1, 9, 0]",True
1477,"[7, 2, 3, 5, 6, 8, 4, 1, 9, 0]",True
1477,"[7, 2, 3, 5, 6, 8, 4, 1, 9, 0]",True
1477,"[7, 2, 3, 5, 6, 8, 4, 1, 9, 0]",True
1477,"[7, 2, 3, 5, 6, 8, 4, 1, 9, 0]",True
1477,"[7, 2, 3, 5, 6, 8, 4, 1, 9, 0]",True
1477,"[7, 2, 3, 5, 6, 8, 4, 1, 9, 0]",True
1477,"[7, 2, 3, 5, 6, 8, 4, 1, 9, 0]",True
1477,"[7, 2, 3, 5, 6, 8, 4, 1, 9, 0]",True
1477,"[7, 2, 3, 5, 6, 8, 4, 1, 9, 0]",True
1477,"[7, 2, 3, 5, 6, 8, 4, 1, 9, 0]",True
1477,"[7, 2, 3, 5, 6, 8, 4, 1, 9, 0]",True
1477,"[7, 2, 3, 5, 6, 8, 4, 1, 9, 0]",True
1477,"[7, 2, 3, 5, 6, 8, 4, 1, 9, 0]",True
1477,"[7, 2, 3, 5, 6, 8, 4, 1, 9, 0]",True
1477,"[7, 2, 3, 5, 6, 8, 4, 1, 9, 0]",True
1477,"[7, 2, 3, 5, 6, 8, 4, 1, 9, 0]",True
1477,"[7, 2, 3, 5, 6, 8, 4, 1, 9, 0]",True
1477,"[7, 2, 3, 5, 6, 8, 4, 1, 9, 0]",True
1477,"[7, 2, 3, 5, 6, 8, 4, 1, 9, 0]",True
1477,"[7, 2, 3, 5, 6, 8, 4, 1, 9, 0]",True
1477,"[7, 2, 3, 5, 6, 8, 4, 1, 9, 0]",True
1477,"[7, 2, 3, 5, 6, 8, 4, 1, 9, 0]",True
1477,"[7, 2, 3, 5, 6, 8, 4, 1, 9, 0]",True
1477,"[7, 2, 3, 5, 6, 8, 4, 1, 9, 0]",True
1477,"[7, 2, 3, 5, 6, 8, 4, 1, 9, 0]",True
1477,"[7, 2, 3, 5, 6, 8, 4, 1, 9, 0]",True
1477,"[7, 2, 3, 5, 6, 8, 4, 1, 9, 0]",True
1477,"[7, 2, 3, 5, 6, 8, 4, 1, 9, 0]",True
1477,"[7, 2, 3, 5, 6, 8, 4, 1, 9, 0]",True
1354,"[0, 4, 5, 8, 2, 1, 6, 7, 9, 3]",False
1354,"[0, 4, 5, 8, 2, 1, 6, 7, 9, 3]",False
1354,"[0, 4, 5, 8, 2, 1, 6, 7, 9, 3]",False
1354,"[0, 4, 5, 8, 2, 1, 6, 7, 9, 3]",False
1354,"[0, 4, 5, 8, 2, 1, 6, 7, 9, 3]",False
1354,"[0, 4, 5, 8, 2, 1, 6, 7, 9, 3]",False
1354,"[0, 4, 5, 8, 2, 1, 6, 7, 9, 3]",False
1354,"[0, 4, 5, 8, 2, 1, 6, 7, 9, 3]",False
1354,"[0, 4, 5, 8, 2, 1, 6, 7, 9, 3]",False
1354,"[0, 4, 5, 8, 2, 1, 6, 7, 9, 3]",False
1354,"[0, 4, 5, 8, 2, 1, 6, 7, 9, 3]",False
1354,"[0, 4, 5, 8, 2, 1, 6, 7, 9, 3]",False
1354,"[0, 4, 5, 8, 2, 1, 6, 7, 9, 3]",False
1354,"[0, 4, 5, 8, 2, 1, 6, 7, 9, 3]",False
1354,"[0, 4, 5, 8, 2, 1, 6, 7, 9, 3]",False
1354,"[0, 4, 5, 8, 2, 1, 6, 7, 9, 3]",False
1354,"[0, 4, 5, 8, 2, 1, 6, 7, 9, 3]",False
1354,"[0, 4, 5, 8, 2, 1, 6, 7, 9, 3]",False
1354,"[0, 4, 5, 8, 2, 1, 6, 7, 9, 3]",False
1354,"[0, 4, 5, 8, 2, 1, 6, 7, 9, 3]",False
1354,"[0, 4, 5, 8, 2, 1, 6, 7, 9, 3]",False
1354,"[0, 4, 5, 8, 2, 1, 6, 7, 9, 3]",False
1354,"[0, 4, 5, 8, 2, 1, 6, 7, 9, 3]",False
1354,"[0, 4, 5, 8, 2, 1, 6, 7, 9, 3]",False
1354,"[0, 4, 5, 8, 2, 1, 6, 7, 9, 3]",False
1354,"[0, 4, 5, 8, 2, 1, 6, 7, 9, 3]",False
1354,"[0, 4, 5, 8, 2, 1, 6, 7, 9, 3]",False
1354,"[0, 4, 5, 8, 2, 1, 6, 7, 9, 3]",False
1354,"[0, 4, 5, 8, 2, 1, 6, 7, 9, 3]",False
1354,"[0, 4, 5, 8, 2, 1, 6, 7, 9, 3]",False
1354,"[0, 4, 5, 8, 2, 1, 6, 7, 9, 3]",False
1354,"[0, 4, 5, 8, 2, 1, 6, 7, 9, 3]",False
1354,"[0, 4, 5, 8, 2, 1, 6, 7, 9, 3]",False
1354,"[0, 4, 5, 8, 2, 1, 6, 7, 9, 3]",False
1354,"[0, 4, 5, 8, 2, 1, 6, 7, 9, 3]",False
1354,"[0, 4, 5, 8, 2, 1, 6, 7, 9, 3]",False
1354,"[0, 4, 5, 8, 2, 1, 6, 7, 9, 3]",False
1354,"[0, 4, 5, 8, 2, 1, 6, 7, 9, 3]",False
1354,"[0, 4, 5, 8, 2, 1, 6, 7, 9, 3]",False
1354,"[0, 4, 5, 8, 2, 1, 6, 7, 9, 3]",False
1354,"[0, 4, 5, 8, 2, 1, 6, 7, 9, 3]",False
1354,"[0, 4, 5, 8, 2, 1, 6, 7, 9, 3]",False
1354,"[0, 4, 5, 8, 2, 1, 6, 7, 9, 3]",False
1354,"[0, 4, 5, 8, 2, 1, 6, 7, 9, 3]",False
1354,"[0, 4, 5, 8, 2, 1, 6, 7, 9, 3]",False
1354,"[0, 4, 5, 8, 2, 1, 6, 7, 9, 3]",False
1354,"[0, 4, 5, 8, 2, 1, 6, 7, 9, 3]",False
1354,"[0, 4, 5, 8, 2, 1, 6, 7, 9, 3]",False
1354,"[0, 4, 5, 8, 2, 1, 6, 7, 9, 3]",False
1354,"[0, 4, 5, 8, 2, 1, 6, 7, 9, 3]",False
1354,"[0, 4, 5, 8, 2, 1, 6, 7, 9, 3]",False
1354,"[0, 4, 5, 8, 2, 1, 6, 7, 9, 3]",False
1354,"[0, 4, 5, 8, 2, 1, 6, 7, 9, 3]",False
1354,"[0, 4, 5, 8, 2, 1, 6, 7, 9, 3]",False
1354,"[0, 4, 5, 8, 2, 1, 6, 7, 9, 3]",False
1354,"[0, 4, 5, 8, 2, 1, 6, 7, 9, 3]",False
1354,"[0, 4, 5, 8, 2, 1, 6, 7, 9, 3]",False
1354,"[0, 4, 5, 8, 2, 1, 6, 7, 9, 3]",False
1354,"[0, 4, 5, 8, 2, 1, 6, 7, 9, 3]",False
1354,"[0, 4, 5, 8, 2, 1, 6, 7, 9, 3]",False
1354,"[0, 4, 5, 8, 2, 1, 6, 7, 9, 3]",False
1354,"[0, 4, 5, 8, 2, 1, 6, 7, 9, 3]",False
1354,"[0, 4, 5, 8, 2, 1, 6, 7, 9, 3]",False
1354,"[0, 4, 5, 8, 2, 1, 6, 7, 9, 3]",False
1354,"[0, 4, 5, 8, 2, 1, 6, 7, 9, 3]",False
1354,"[0, 4, 5, 8, 2, 1, 6, 7, 9, 3]",False
1354,"[0, 4, 5, 8, 2, 1, 6, 7, 9, 3]",False
1354,"[0, 4, 5, 8, 2, 1, 6, 7, 9, 3]",False
1354,"[0, 4, 5, 8, 2, 1, 6, 7, 9, 3]",False
1354,"[0, 4, 5, 8, 2, 1, 6, 7, 9, 3]",False
1354,"[0, 4, 5, 8, 2, 1, 6, 7, 9, 3]",False
1354,"[0, 4, 5, 8, 2, 1, 6, 7, 9, 3]",False
1354,"[0, 4, 5, 8, 2, 1, 6, 7, 9, 3]",False
1354,"[0, 4, 5, 8, 2, 1, 6, 7, 9, 3]",False
1354,"[0, 4, 5, 8, 2, 1, 6, 7, 9, 3]",False
1354,"[0, 4, 5, 8, 2, 1, 6, 7, 9, 3]",False
1354,"[0, 4, 5, 8, 2, 1, 6, 7, 9, 3]",False
1354,"[0, 4, 5, 8, 2, 1, 6, 7, 9, 3]",False
1354,"[0, 4, 5, 8, 2, 1, 6, 7, 9, 3]",False
1354,"[0, 4, 5, 8, 2, 1, 6, 7, 9, 3]",False
1354,"[0, 4, 5, 8, 2, 1, 6, 7, 9, 3]",False
1354,"[0, 4, 5, 8, 2, 1, 6, 7, 9, 3]",False
1354,"[0, 4, 5, 8, 2, 1, 6, 7, 9, 3]",False
1354,"[0, 4, 5, 8, 2, 1, 6, 7, 9, 3]",False
1354,"[0, 4, 5, 8, 2, 1, 6, 7, 9, 3]",False
1354,"[0, 4, 5, 8, 2, 1, 6, 7, 9, 3]",False
1354,"[0, 4, 5, 8, 2, 1, 6, 7, 9, 3]",False
1354,"[0, 4, 5, 8, 2, 1, 6, 7, 9, 3]",False
1354,"[0, 4, 5, 8, 2, 1, 6, 7, 9, 3]",False
1354,"[0, 4, 5, 8, 2, 1, 6, 7, 9, 3]",False
1354,"[0, 4, 5, 8, 2, 1, 6, 7, 9, 3]",False
1354,"[0, 4, 5, 8, 2, 1, 6, 7, 9, 3]",False
1354,"[0, 4, 5, 8, 2, 1, 6, 7, 9, 3]",False
1354,"[0, 4, 5, 8, 2, 1, 6, 7, 9, 3]",False
1354,"[0, 4, 5, 8, 2, 1, 6, 7, 9, 3]",False
1354,"[0, 4, 5, 8, 2, 1, 6, 7, 9, 3]",False
1354,"[0, 4, 5, 8, 2, 1, 6, 7, 9, 3]",False
1354,"[0, 4, 5, 8, 2, 1, 6, 7, 9, 3]",False
1354,"[0, 4, 5, 8, 2, 1, 6, 7, 9, 3]",False
1354,"[0, 4, 5, 8, 2, 1, 6, 7, 9, 3]",False
1374,"[4, 1, 6, 0, 2, 5, 3, 7, 9, 8]",True
1398,"[4, 1, 7, 6, 5, 3, 0, 2, 8, 9]",True
1403,"[4, 0, 1, 6, 7, 2, 5, 9, 8, 3]",True
1407,"[7, 0, 4, 2, 5, 1, 6, 9, 8, 3]",True
1415,"[1, 6, 5, 8, 2, 9, 3, 7, 0, 4]",True
1423,"[5, 7, 0, 9, 6, 8, 4, 3, 2, 1]",True
1424,"[6, 4, 5, 0, 1, 2, 3, 7, 8, 9]",True
1431,"[4, 1, 5, 9, 6, 2, 7, 3, 8, 0]",True
1448,"[5, 1, 3, 2, 4, 9, 0, 6, 8, 7]",True
1448,"[5, 1, 3, 2, 4, 9, 0, 6, 8, 7]",True
1448,"[5, 1, 3, 2, 4, 9, 0, 6, 8, 7]",True
1448,"[5, 1, 3, 2, 4, 9, 0, 6, 8, 7]",True
1448,"[5, 1, 3, 2, 4, 9, 0, 6, 8, 7]",True
1448,"[5, 1, 3, 2, 4, 9, 0, 6, 8, 7]",True
1448,"[5, 1, 3, 2, 4, 9, 0, 6, 8, 7]",True
1448,"[5, 1, 3, 2, 4, 9, 0, 6, 8, 7]",True
1448,"[5, 1, 3, 2, 4, 9, 0, 6, 8, 7]",True
1448,"[5, 1, 3, 2, 4, 9, 0, 6, 8, 7]",True
1453,"[0, 5, 9, 3, 6, 7, 1, 8, 4, 2]",True
1453,"[0, 5, 9, 3, 6, 7, 1, 8, 4, 2]",True
1453,"[0, 5, 9, 3, 6, 7, 1, 8, 4, 2]",True
1453,"[0, 5, 9, 3, 6, 7, 1, 8, 4, 2]",True
1453,"[0, 5, 9, 3, 6, 7, 1, 8, 4, 2]",True
1453,"[0, 5, 9, 3, 6, 7, 1, 8, 4, 2]",True
1453,"[0, 5, 9, 3, 6, 7, 1, 8, 4, 2]",True
1453,"[0, 5, 9, 3, 6, 7, 1, 8, 4, 2]",True
1453,"[0, 5, 9, 3, 6, 7, 1, 8, 4, 2]",True
1453,"[0, 5, 9, 3, 6, 7, 1, 8, 4, 2]",True
1453,"[0, 5, 9, 3, 6, 7, 1, 8, 4, 2]",True
1453,"[0, 5, 9, 3, 6, 7, 1, 8, 4, 2]",True
1453,"[0, 5, 9, 3, 6, 7, 1, 8, 4, 2]",True
1453,"[0, 5, 9, 3, 6, 7, 1, 8, 4, 2]",True
1453,"[0, 5, 9, 3, 6, 7, 1, 8, 4, 2]",True
1453,"[0, 5, 9, 3, 6, 7, 1, 8, 4, 2]",True
1453,"[0, 5, 9, 3, 6, 7, 1, 8, 4, 2]",True
1453,"[0, 5, 9, 3, 6, 7, 1, 8, 4, 2]",True
1453,"[0, 5, 9, 3, 6, 7, 1, 8, 4, 2]",True
1453,"[0, 5, 9, 3, 6, 7, 1, 8, 4, 2]",True
1453,"[0, 5, 9, 3, 6, 7, 1, 8, 4, 2]",True
1453,"[0, 5, 9, 3, 6, 7, 1, 8, 4, 2]",True
1453,"[0, 5, 9, 3, 6, 7, 1, 8, 4, 2]",True
1453,"[0, 5, 9, 3, 6, 7, 1, 8, 4, 2]",True
1453,"[0, 5, 9, 3, 6, 7, 1, 8, 4, 2]",True
1453,"[0, 5, 9, 3, 6, 7, 1, 8, 4, 2]",True
1453,"[0, 5, 9, 3, 6, 7, 1, 8, 4, 2]",True
1453,"[0, 5, 9, 3, 6, 7, 1, 8, 4, 2]",True
1453,"[0, 5, 9, 3, 6, 7, 1, 8, 4, 2]",True
1453,"[0, 5, 9, 3, 6, 7, 1, 8, 4, 2]",True
1453,"[0, 5, 9, 3, 6, 7, 1, 8, 4, 2]",True
1453,"[0, 5, 9, 3, 6, 7, 1, 8, 4, 2]",True
1453,"[0, 5, 9, 3, 6, 7, 1, 8, 4, 2]",True
1453,"[0, 5, 9, 3, 6, 7, 1, 8, 4, 2]",True
1453,"[0, 5, 9, 3, 6, 7, 1, 8, 4, 2]",True
1453,"[0, 5, 9, 3, 6, 7, 1, 8, 4, 2]",True
1453,"[0, 5, 9, 3, 6, 7, 1, 8, 4, 2]",True
1453,"[0, 5, 9, 3, 6, 7, 1, 8, 4, 2]",True
1453,"[0, 5, 9, 3, 6, 7, 1, 8, 4, 2]",True
1453,"[0, 5, 9, 3, 6, 7, 1, 8, 4, 2]",True
1453,"[0, 5, 9, 3, 6, 7, 1, 8, 4, 2]",True
1453,"[0, 5, 9, 3, 6, 7, 1, 8, 4, 2]",True
1453,"[0, 5, 9, 3, 6, 7, 1, 8, 4, 2]",True
1453,"[0, 5, 9, 3, 6, 7, 1, 8, 4, 2]",True
1453,"[0, 5, 9, 3, 6, 7, 1, 8, 4, 2]",True
1453,"[0, 5, 9, 3, 6, 7, 1, 8, 4, 2]",True
1453,"[0, 5, 9, 3, 6, 7, 1, 8, 4, 2]",True
1453,"[0, 5, 9, 3, 6, 7, 1, 8, 4, 2]",True
1453,"[0, 5, 9, 3, 6, 7, 1, 8, 4, 2]",True
1453,"[0, 5, 9, 3, 6, 7, 1, 8, 4, 2]",True
1453,"[0, 5, 9, 3, 6, 7, 1, 8, 4, 2]",True
1453,"[0, 5, 9, 3, 6, 7, 1, 8, 4, 2]",True
1453,"[0, 5, 9, 3, 6, 7, 1, 8, 4, 2]",True
1453,"[0, 5, 9, 3, 6, 7, 1, 8, 4, 2]",True
1453,"[0, 5, 9, 3, 6, 7, 1, 8, 4, 2]",True
1453,"[0, 5, 9, 3, 6, 7, 1, 8, 4, 2]",True
1453,"[0, 5, 9, 3, 6, 7, 1, 8, 4, 2]",True
1453,"[0, 5, 9, 3, 6, 7, 1, 8, 4, 2]",True
1453,"[0, 5, 9, 3, 6, 7, 1, 8, 4, 2]",True
1453,"[0, 5, 9, 3, 6, 7, 1, 8, 4, 2]",True
1453,"[0, 5, 9, 3, 6, 7, 1, 8, 4, 2]",True
1453,"[0, 5, 9, 3, 6, 7, 1, 8, 4, 2]",True
1453,"[0, 5, 9, 3, 6, 7, 1, 8, 4, 2]",True
1453,"[0, 5, 9, 3, 6, 7, 1, 8, 4, 2]",True
1453,"[0, 5, 9, 3, 6, 7, 1, 8, 4, 2]",True
1453,"[0, 5, 9, 3, 6, 7, 1, 8, 4, 2]",True
1453,"[0, 5, 9, 3, 6, 7, 1, 8, 4, 2]",True
1453,"[0, 5, 9, 3, 6, 7, 1, 8, 4, 2]",True
1453,"[0, 5, 9, 3, 6, 7, 1, 8, 4, 2]",True
1453,"[0, 5, 9, 3, 6, 7, 1, 8, 4, 2]",True
1453,"[0, 5, 9, 3, 6, 7, 1, 8, 4, 2]",True
1453,"[0, 5, 9, 3, 6, 7, 1, 8, 4, 2]",True
1453,"[0, 5, 9, 3, 6, 7, 1, 8, 4, 2]",True
1453,"[0, 5, 9, 3, 6, 7, 1, 8, 4, 2]",True
1453,"[0, 5, 9, 3, 6, 7, 1, 8, 4, 2]",True
1453,"[0, 5, 9, 3, 6, 7, 1, 8, 4, 2]",True
1453,"[0, 5, 9, 3, 6, 7, 1, 8, 4, 2]",True
1453,"[0, 5, 9, 3, 6, 7, 1, 8, 4, 2]",True
1453,"[0, 5, 9, 3, 6, 7, 1, 8, 4, 2]",True
1453,"[0, 5, 9, 3, 6, 7, 1, 8, 4, 2]",True
1453,"[0, 5, 9, 3, 6, 7, 1, 8, 4, 2]",True
1453,"[0, 5, 9, 3, 6, 7, 1, 8, 4, 2]",True
1393,"[4, 5, 1, 7, 0, 6, 8, 9, 3, 2]",True
1403,"[1, 5, 0, 2, 9, 6, 8, 3, 7, 4]",True
1420,"[1, 7, 4, 5, 3, 6, 8, 9, 2, 0]",True
1421,"[9, 6, 3, 1, 4, 8, 2, 7, 5, 0]",True
1421,"[9, 6, 3, 1, 4, 8, 2, 7, 5, 0]",True
1421,"[9, 6, 3, 1, 4, 8, 2, 7, 5, 0]",True
1421,"[9, 6, 3, 1, 4, 8, 2, 7, 5, 0]",True
1421,"[9, 6, 3, 1, 4, 8, 2, 7, 5, 0]",True
1421,"[9, 6, 3, 1, 4, 8, 2, 7, 5, 0]",True
1421,"[9, 6, 3, 1, 4, 8, 2, 7, 5, 0]",True
1421,"[9, 6, 3, 1, 4, 8, 2, 7, 5, 0]",True
1421,"[9, 6, 3, 1, 4, 8, 2, 7, 5, 0]",True
1421,"[9, 6, 3, 1, 4, 8, 2, 7, 5, 0]",True
1421,"[9, 6, 3, 1, 4, 8, 2, 7, 5, 0]",True
1421,"[9, 6, 3, 1, 4, 8, 2, 7, 5, 0]",True
1421,"[9, 6, 3, 1, 4, 8, 2, 7, 5, 0]",True
1421,"[9, 6, 3, 1, 4, 8, 2, 7, 5, 0]",True
1421,"[9, 6, 3, 1, 4, 8, 2, 7, 5, 0]",True
1421,"[9, 6, 3, 1, 4, 8, 2, 7, 5, 0]",True
1421,"[9, 6, 3, 1, 4, 8, 2, 7, 5, 0]",True
1421,"[9, 6, 3, 1, 4, 8, 2, 7, 5, 0]",True
1421,"[9, 6, 3, 1, 4, 8, 2, 7, 5, 0]",True
1421,"[9, 6, 3, 1, 4, 8, 2, 7, 5, 0]",True
1421,"[9, 6, 3, 1, 4, 8, 2, 7, 5, 0]",True
1421,"[9, 6, 3, 1, 4, 8, 2, 7, 5, 0]",True
1421,"[9, 6, 3, 1, 4, 8, 2, 7, 5, 0]",True
1421,"[9, 6, 3, 1, 4, 8, 2, 7, 5, 0]",True
1421,"[9, 6, 3, 1, 4, 8, 2, 7, 5, 0]",True
1421,"[9, 6, 3, 1, 4, 8, 2, 7, 5, 0]",True
1421,"[9, 6, 3, 1, 4, 8, 2, 7, 5, 0]",True
1421,"[9, 6, 3, 1, 4, 8, 2, 7, 5, 0]",True
1421,"[9, 6, 3, 1, 4, 8, 2, 7, 5, 0]",True
1421,"[9, 6, 3, 1, 4, 8, 2, 7, 5, 0]",True
1421,"[9, 6, 3, 1, 4, 8, 2, 7, 5, 0]",True
1421,"[9, 6, 3, 1, 4, 8, 2, 7, 5, 0]",True
1421,"[9, 6, 3, 1, 4, 8, 2, 7, 5, 0]",True
1421,"[9, 6, 3, 1, 4, 8, 2, 7, 5, 0]",True
1421,"[9, 6, 3, 1, 4, 8, 2, 7, 5, 0]",True
1421,"[9, 6, 3, 1, 4, 8, 2, 7, 5, 0]",True
1421,"[9, 6, 3, 1, 4, 8, 2, 7, 5, 0]",True
1421,"[9, 6, 3, 1, 4, 8, 2, 7, 5, 0]",True
1421,"[9, 6, 3, 1, 4, 8, 2, 7, 5, 0]",True
1421,"[9, 6, 3, 1, 4, 8, 2, 7, 5, 0]",True
1421,"[9, 6, 3, 1, 4, 8, 2, 7, 5, 0]",True
1421,"[9, 6, 3, 1, 4, 8, 2, 7, 5, 0]",True
1421,"[9, 6, 3, 1, 4, 8, 2, 7, 5, 0]",True
1421,"[9, 6, 3, 1, 4, 8, 2, 7, 5, 0]",True
1421,"[9, 6, 3, 1, 4, 8, 2, 7, 5, 0]",True
1421,"[9, 6, 3, 1, 4, 8, 2, 7, 5, 0]",True
1421,"[9, 6, 3, 1, 4, 8, 2, 7, 5, 0]",True
1421,"[9, 6, 3, 1, 4, 8, 2, 7, 5, 0]",True
1421,"[9, 6, 3, 1, 4, 8, 2, 7, 5, 0]",True
1421,"[9, 6, 3, 1, 4, 8, 2, 7, 5, 0]",True
1421,"[9, 6, 3, 1, 4, 8, 2, 7, 5, 0]",True
1421,"[9, 6, 3, 1, 4, 8, 2, 7, 5, 0]",True
1421,"[9, 6, 3, 1, 4, 8, 2, 7, 5, 0]",True
1421,"[9, 6, 3, 1, 4, 8, 2, 7, 5, 0]",True
1421,"[9, 6, 3, 1, 4, 8, 2, 7, 5, 0]",True
1421,"[9, 6, 3, 1, 4, 8, 2, 7, 5, 0]",True
1421,"[9, 6, 3, 1, 4, 8, 2, 7, 5, 0]",True
1421,"[9, 6, 3, 1, 4, 8, 2, 7, 5, 0]",True
1421,"[9, 6, 3, 1, 4, 8, 2, 7, 5, 0]",True
1421,"[9, 6, 3, 1, 4, 8, 2, 7, 5, 0]",True
1421,"[9, 6, 3, 1, 4, 8, 2, 7, 5, 0]",True
1421,"[9, 6, 3, 1, 4, 8, 2, 7, 5, 0]",True
1421,"[9, 6, 3, 1, 4, 8, 2, 7, 5, 0]",True
1421,"[9, 6, 3, 1, 4, 8, 2, 7, 5, 0]",True
1421,"[9, 6, 3, 1, 4, 8, 2, 7, 5, 0]",True
1421,"[9, 6, 3, 1, 4, 8, 2, 7, 5, 0]",True
1421,"[9, 6, 3, 1, 4, 8, 2, 7, 5, 0]",True
1421,"[9, 6, 3, 1, 4, 8, 2, 7, 5, 0]",True
1421,"[9, 6, 3, 1, 4, 8, 2, 7, 5, 0]",True
1421,"[9, 6, 3, 1, 4, 8, 2, 7, 5, 0]",True
1421,"[9, 6, 3, 1, 4, 8, 2, 7, 5, 0]",True
1421,"[9, 6, 3, 1, 4, 8, 2, 7, 5, 0]",True
1421,"[9, 6, 3, 1, 4, 8, 2, 7, 5, 0]",True
1421,"[9, 6, 3, 1, 4, 8, 2, 7, 5, 0]",True
1421,"[9, 6, 3, 1, 4, 8, 2, 7, 5, 0]",True
1421,"[9, 6, 3, 1, 4, 8, 2, 7, 5, 0]",True
1421,"[9, 6, 3, 1, 4, 8, 2, 7, 5, 0]",True
1421,"[9, 6, 3, 1, 4, 8, 2, 7, 5, 0]",True
1421,"[9, 6, 3, 1, 4, 8, 2, 7, 5, 0]",True
1421,"[9, 6, 3, 1, 4, 8, 2, 7, 5, 0]",True
1421,"[9, 6, 3, 1, 4, 8, 2, 7, 5, 0]",True
1421,"[9, 6, 3, 1, 4, 8, 2, 7, 5, 0]",True
1421,"[9, 6, 3, 1, 4, 8, 2, 7, 5, 0]",True
1421,"[9, 6, 3, 1, 4, 8, 2, 7, 5, 0]",True
1421,"[9, 6, 3, 1, 4, 8, 2, 7, 5, 0]",True
1421,"[9, 6, 3, 1, 4, 8, 2, 7, 5, 0]",True
1421,"[9, 6, 3, 1, 4, 8, 2, 7, 5, 0]",True
1421,"[9, 6, 3, 1, 4, 8, 2, 7, 5, 0]",True
1421,"[9, 6, 3, 1, 4, 8, 2, 7, 5, 0]",True
1421,"[9, 6, 3, 1, 4, 8, 2, 7, 5, 0]",True
1421,"[9, 6, 3, 1, 4, 8, 2, 7, 5, 0]",True
1421,"[9, 6, 3, 1, 4, 8, 2, 7, 5, 0]",True
1421,"[9, 6, 3, 1, 4, 8, 2, 7, 5, 0]",True
1421,"[9, 6, 3, 1, 4, 8, 2, 7, 5, 0]",True
1421,"[9, 6, 3, 1, 4, 8, 2, 7, 5, 0]",True
1421,"[9, 6, 3, 1, 4, 8, 2, 7, 5, 0]",True
1421,"[9, 6, 3, 1, 4, 8, 2, 7, 5, 0]",True
1364,"[2, 0, 5, 6, 7, 1, 4, 9, 3, 8]",True
1387,"[4, 0, 1, 2, 8, 5, 7, 9, 6, 3]",True
1402,"[1, 4, 5, 2, 0, 7, 3, 6, 9, 8]",True
1437,"[1, 4, 3, 5, 2, 9, 8, 7, 0, 6]",True
1439,"[0, 5, 2, 4, 8, 9, 6, 1, 3, 7]",True
1442,"[1, 0, 5, 4, 9, 3, 6, 7, 2, 8]",True
1442,"[2, 1, 7, 6, 9, 8, 5, 4, 3, 0]",True
1444,"[3, 4, 6, 1, 8, 5, 2, 7, 9, 0]",True
1444,"[3, 4, 6, 1, 8, 5, 2, 7, 9, 0]",True
1444,"[3, 4, 6, 1, 8, 5, 2, 7, 9, 0]",True
1444,"[3, 4, 6, 1, 8, 5, 2, 7, 9, 0]",True
1444,"[3, 4, 6, 1, 8, 5, 2, 7, 9, 0]",True
1452,"[4, 7, 9, 1, 8, 6, 5, 3, 0, 2]",True
1454,"[5, 2, 1, 3, 7, 6, 8, 0, 4, 9]",True
1458,"[3, 1, 4, 6, 8, 5, 2, 7, 9, 0]",True
1458,"[3, 1, 4, 6, 8, 5, 2, 7, 9, 0]",True
1458,"[3, 1, 4, 6, 8, 5, 2, 7, 9, 0]",True
1458,"[3, 1, 4, 6, 8, 5, 2, 7, 9, 0]",True
1458,"[3, 1, 4, 6, 8, 5, 2, 7, 9, 0]",True
1458,"[3, 1, 4, 6, 8, 5, 2, 7, 9, 0]",True
1458,"[3, 1, 4, 6, 8, 5, 2, 7, 9, 0]",True
1458,"[3, 1, 4, 6, 8, 5, 2, 7, 9, 0]",True
1458,"[3, 1, 4, 6, 8, 5, 2, 7, 9, 0]",True
1458,"[3, 1, 4, 6, 8, 5, 2, 7, 9, 0]",True
1458,"[3, 1, 4, 6, 8, 5, 2, 7, 9, 0]",True
1458,"[3, 1, 4, 6, 8, 5, 2, 7, 9, 0]",True
1458,"[3, 1, 4, 6, 8, 5, 2, 7, 9, 0]",True
1458,"[3, 1, 4, 6, 8, 5, 2, 7, 9, 0]",True
1458,"[3, 1, 4, 6, 8, 5, 2, 7, 9, 0]",True
1458,"[3, 1, 4, 6, 8, 5, 2, 7, 9, 0]",True
1458,"[3, 1, 4, 6, 8, 5, 2, 7, 9, 0]",True
1458,"[3, 1, 4, 6, 8, 5, 2, 7, 9, 0]",True
1458,"[3, 1, 4, 6, 8, 5, 2, 7, 9, 0]",True
1458,"[3, 1, 4, 6, 8, 5, 2, 7, 9, 0]",True
1458,"[3, 1, 4, 6, 8, 5, 2, 7, 9, 0]",True
1458,"[3, 1, 4, 6, 8, 5, 2, 7, 9, 0]",True
1458,"[3, 1, 4, 6, 8, 5, 2, 7, 9, 0]",True
1458,"[3, 1, 4, 6, 8, 5, 2, 7, 9, 0]",True
1458,"[3, 1, 4, 6, 8, 5, 2, 7, 9, 0]",True
1458,"[3, 1, 4, 6, 8, 5, 2, 7, 9, 0]",True
1458,"[3, 1, 4, 6, 8, 5, 2, 7, 9, 0]",True
1458,"[3, 1, 4, 6, 8, 5, 2, 7, 9, 0]",True
1458,"[3, 1, 4, 6, 8, 5, 2, 7, 9, 0]",True
1458,"[3, 1, 4, 6, 8, 5, 2, 7, 9, 0]",True
1458,"[3, 1, 4, 6, 8, 5, 2, 7, 9, 0]",True
1458,"[3, 1, 4, 6, 8, 5, 2, 7, 9, 0]",True
1458,"[3, 1, 4, 6, 8, 5, 2, 7, 9, 0]",True
1458,"[3, 1, 4, 6, 8, 5, 2, 7, 9, 0]",True
1458,"[3, 1, 4, 6, 8, 5, 2, 7, 9, 0]",True
1458,"[3, 1, 4, 6, 8, 5, 2, 7, 9, 0]",True
1458,"[3, 1, 4, 6, 8, 5, 2, 7, 9, 0]",True
1458,"[3, 1, 4, 6, 8, 5, 2, 7, 9, 0]",True
1458,"[3, 1, 4, 6, 8, 5, 2, 7, 9, 0]",True
1458,"[3, 1, 4, 6, 8, 5, 2, 7, 9, 0]",True
1458,"[3, 1, 4, 6, 8, 5, 2, 7, 9, 0]",True
1458,"[3, 1, 4, 6, 8, 5, 2, 7, 9, 0]",True
1458,"[3, 1, 4, 6, 8, 5, 2, 7, 9, 0]",True
1458,"[3, 1, 4, 6, 8, 5, 2, 7, 9, 0]",True
1458,"[3, 1, 4, 6, 8, 5, 2, 7, 9, 0]",True
1458,"[3, 1, 4, 6, 8, 5, 2, 7, 9, 0]",True
1458,"[3, 1, 4, 6, 8, 5, 2, 7, 9, 0]",True
1458,"[3, 1, 4, 6, 8, 5, 2, 7, 9, 0]",True
1458,"[3, 1, 4, 6, 8, 5, 2, 7, 9, 0]",True
1458,"[3, 1, 4, 6, 8, 5, 2, 7, 9, 0]",True
1458,"[3, 1, 4, 6, 8, 5, 2, 7, 9, 0]",True
1458,"[3, 1, 4, 6, 8, 5, 2, 7, 9, 0]",True
1458,"[3, 1, 4, 6, 8, 5, 2, 7, 9, 0]",True
1458,"[3, 1, 4, 6, 8, 5, 2, 7, 9, 0]",True
1458,"[3, 1, 4, 6, 8, 5, 2, 7, 9, 0]",True
1458,"[0, 4, 6, 1, 7, 2, 3, 5, 8, 9]",True
1458,"[3, 1, 4, 6, 8, 5, 2, 7, 9, 0]",True
1458,"[0, 4, 6, 1, 7, 2, 3, 5, 8, 9]",True
1458,"[3, 1, 4, 6, 8, 5, 2, 7, 9, 0]",True
1458,"[0, 4, 6, 1, 7, 2, 3, 5, 8, 9]",True
1458,"[3, 1, 4, 6, 8, 5, 2, 7, 9, 0]",True
1458,"[0, 4, 6, 1, 7, 2, 3, 5, 8, 9]",True
1458,"[3, 1, 4, 6, 8, 5, 2, 7, 9, 0]",True
1458,"[3, 1, 4, 6, 8, 5, 2, 7, 9, 0]",True
1458,"[3, 1, 4, 6, 8, 5, 2, 7, 9, 0]",True
1458,"[3, 1, 4, 6, 8, 5, 2, 7, 9, 0]",True
1458,"[3, 1, 4, 6, 8, 5, 2, 7, 9, 0]",True
1458,"[0, 4, 6, 1, 7, 2, 3, 5, 8, 9]",True
1458,"[3, 1, 4, 6, 8, 5, 2, 7, 9, 0]",True
1458,"[0, 4, 6, 1, 7, 2, 3, 5, 8, 9]",True
1458,"[3, 1, 4, 6, 8, 5, 2, 7, 9, 0]",True
1458,"[0, 1, 4, 6, 7, 2, 3, 5, 8, 9]",True
1458,"[3, 1, 4, 6, 8, 5, 2, 7, 9, 0]",True
1458,"[3, 1, 4, 6, 8, 5, 2, 7, 9, 0]",True
1458,"[3, 1, 4, 6, 8, 5, 2, 7, 9, 0]",True
1458,"[0, 4, 6, 1, 7, 2, 3, 5, 8, 9]",True
1458,"[3, 1, 4, 6, 8, 5, 2, 7, 9, 0]",True
1458,"[0, 1, 4, 6, 7, 2, 3, 5, 8, 9]",True
1458,"[3, 1, 4, 6, 8, 5, 2, 7, 9, 0]",True
1458,"[0, 4, 6, 1, 7, 2, 3, 5, 8, 9]",True
1458,"[3, 1, 4, 6, 8, 5, 2, 7, 9, 0]",True
1458,"[0, 4, 6, 1, 7, 2, 3, 5, 8, 9]",True
1458,"[3, 1, 4, 6, 8, 5, 2, 7, 9, 0]",True
1458,"[3, 1, 4, 6, 8, 5, 2, 7, 9, 0]",True
1458,"[3, 1, 4, 6, 8, 5, 2, 7, 9, 0]",True
1458,"[0, 4, 6, 1, 7, 2, 3, 5, 8, 9]",True
1380,"[7, 0, 2, 1, 6, 5, 4, 8, 9, 3]",True
1381,"[2, 4, 5, 7, 0, 1, 6, 9, 3, 8]",True
1391,"[6, 2, 0, 5, 1, 7, 4, 3, 9, 8]",True
1417,"[2, 1, 6, 7, 4, 9, 8, 5, 0, 3]",True
1418,"[1, 6, 5, 2, 0, 8, 4, 3, 7, 9]",True
1418,"[1, 6, 5, 2, 0, 8, 4, 3, 7, 9]",True
1418,"[1, 6, 5, 2, 0, 8, 4, 3, 7, 9]",True
1425,"[7, 1, 6, 0, 5, 9, 8, 3, 4, 2]",True
1425,"[7, 1, 6, 0, 5, 9, 8, 3, 4, 2]",True
1425,"[7, 1, 6, 0, 5, 9, 8, 3, 4, 2]",True
1425,"[7, 1, 6, 0, 5, 9, 8, 3, 4, 2]",True
1425,"[7, 1, 6, 0, 5, 9, 8, 3, 4, 2]",True
1425,"[7, 1, 6, 0, 5, 9, 8, 3, 4, 2]",True
1425,"[7, 1, 6, 0, 5, 9, 8, 3, 4, 2]",True
1425,"[7, 1, 6, 0, 5, 9, 8, 3, 4, 2]",True
1425,"[7, 1, 6, 0, 5, 9, 8, 3, 4, 2]",True
1425,"[7, 1, 6, 0, 5, 9, 8, 3, 4, 2]",True
1425,"[7, 1, 6, 0, 5, 9, 8, 3, 4, 2]",True
1425,"[7, 1, 6, 0, 5, 9, 8, 3, 4, 2]",True
1425,"[7, 1, 6, 0, 5, 9, 8, 3, 4, 2]",True
1425,"[7, 1, 6, 0, 5, 9, 8, 3, 4, 2]",True
1425,"[7, 1, 6, 0, 5, 9, 8, 3, 4, 2]",True
1434,"[4, 1, 6, 8, 7, 3, 2, 5, 0, 9]",True
1434,"[4, 1, 6, 8, 7, 3, 2, 5, 0, 9]",True
1434,"[4, 1, 6, 8, 7, 3, 2, 5, 0, 9]",True
1434,"[4, 1, 6, 8, 7, 3, 2, 5, 0, 9]",True
1434,"[4, 1, 6, 8, 7, 3, 2, 5, 0, 9]",True
1434,"[4, 1, 6, 8, 7, 3, 2, 5, 0, 9]",True
1434,"[4, 1, 6, 8, 7, 3, 2, 5, 0, 9]",True
1434,"[4, 1, 6, 8, 7, 3, 2, 5, 0, 9]",True
1434,"[4, 1, 6, 8, 7, 3, 2, 5, 0, 9]",True
1434,"[4, 1, 6, 8, 7, 3, 2, 5, 0, 9]",True
1434,"[4, 1, 6, 8, 7, 3, 2, 5, 0, 9]",True
1434,"[4, 1, 6, 8, 7, 3, 2, 5, 0, 9]",True
1434,"[4, 1, 6, 8, 7, 3, 2, 5, 0, 9]",True
1434,"[4, 1, 6, 8, 7, 3, 2, 5, 0, 9]",True
1434,"[4, 1, 6, 8, 7, 3, 2, 5, 0, 9]",True
1434,"[4, 1, 6, 8, 7, 3, 2, 5, 0, 9]",True
1434,"[4, 1, 6, 8, 7, 3, 2, 5, 0, 9]",True
1434,"[4, 1, 6, 8, 7, 3, 2, 5, 0, 9]",True
1434,"[4, 1, 6, 8, 7, 3, 2, 5, 0, 9]",True
1434,"[4, 1, 6, 8, 7, 3, 2, 5, 0, 9]",True
1434,"[4, 1, 6, 8, 7, 3, 2, 5, 0, 9]",True
1434,"[4, 1, 6, 8, 7, 3, 2, 5, 0, 9]",True
1434,"[4, 1, 6, 8, 7, 3, 2, 5, 0, 9]",True
1434,"[4, 1, 6, 8, 7, 3, 2, 5, 0, 9]",True
1434,"[4, 1, 6, 8, 7, 3, 2, 5, 0, 9]",True
1434,"[4, 1, 6, 8, 7, 3, 2, 5, 0, 9]",True
1434,"[4, 1, 6, 8, 7, 3, 2, 5, 0, 9]",True
1434,"[4, 1, 6, 8, 7, 3, 2, 5, 0, 9]",True
1434,"[4, 1, 6, 8, 7, 3, 2, 5, 0, 9]",True
1434,"[9, 6, 2, 3, 5, 8, 0, 1, 4, 7]",True
1434,"[9, 6, 2, 3, 5, 8, 0, 1, 4, 7]",True
1434,"[9, 6, 2, 3, 5, 8, 0, 1, 4, 7]",True
1434,"[9, 6, 2, 3, 5, 8, 0, 1, 4, 7]",True
1434,"[4, 1, 6, 8, 7, 3, 2, 5, 0, 9]",True
1435,"[7, 5, 4, 2, 0, 8, 6, 1, 3, 9]",True
1435,"[7, 5, 4, 2, 0, 8, 6, 1, 3, 9]",True
1435,"[7, 5, 4, 2, 0, 8, 6, 1, 3, 9]",True
1435,"[7, 5, 4, 2, 0, 8, 6, 1, 3, 9]",True
1435,"[7, 5, 4, 2, 0, 8, 6, 1, 3, 9]",True
1435,"[7, 5, 4, 2, 0, 8, 6, 1, 3, 9]",True
1435,"[7, 5, 4, 2, 0, 8, 6, 1, 3, 9]",True
1435,"[7, 5, 4, 2, 0, 8, 6, 1, 3, 9]",True
1435,"[7, 5, 4, 2, 0, 8, 6, 1, 3, 9]",True
1435,"[7, 5, 4, 2, 0, 8, 6, 1, 3, 9]",True
1435,"[7, 5, 4, 2, 0, 8, 6, 1, 3, 9]",True
1435,"[7, 5, 4, 2, 0, 8, 6, 1, 3, 9]",True
1435,"[7, 5, 4, 2, 0, 8, 6, 1, 3, 9]",True
1435,"[7, 5, 4, 2, 0, 8, 6, 1, 3, 9]",True
1435,"[7, 5, 4, 2, 0, 8, 6, 1, 3, 9]",True
1435,"[7, 5, 4, 2, 0, 8, 6, 1, 3, 9]",True
1435,"[7, 5, 4, 2, 0, 8, 6, 1, 3, 9]",True
1435,"[7, 5, 4, 2, 0, 8, 6, 1, 3, 9]",True
1435,"[7, 5, 4, 2, 0, 8, 6, 1, 3, 9]",True
1435,"[7, 2, 4, 5, 0, 8, 6, 1, 3, 9]",True
1435,"[7, 2, 4, 5, 0, 8, 6, 1, 3, 9]",True
1435,"[7, 5, 4, 2, 0, 8, 6, 1, 3, 9]",True
1435,"[7, 5, 4, 2, 0, 8, 6, 1, 3, 9]",True
1435,"[7, 5, 4, 2, 0, 8, 6, 1, 3, 9]",True
1435,"[7, 5, 4, 2, 0, 8, 6, 1, 3, 9]",True
1435,"[7, 5, 4, 2, 0, 8, 6, 1, 3, 9]",True
1435,"[7, 5, 4, 2, 0, 8, 6, 1, 3, 9]",True
1435,"[7, 5, 4, 2, 0, 8, 6, 1, 3, 9]",True
1435,"[7, 5, 4, 2, 0, 8, 6, 1, 3, 9]",True
1435,"[7, 5, 4, 2, 0, 8, 6, 1, 3, 9]",True
1435,"[7, 5, 4, 2, 0, 8, 6, 1, 3, 9]",True
1435,"[7, 5, 4, 2, 0, 8, 6, 1, 3, 9]",True
1435,"[7, 5, 4, 2, 0, 8, 6, 1, 3, 9]",True
1435,"[7, 5, 4, 2, 0, 8, 6, 1, 3, 9]",True
1435,"[7, 5, 4, 2, 0, 8, 6, 1, 3, 9]",True
1435,"[7, 5, 4, 2, 0, 8, 6, 1, 3, 9]",True
1435,"[7, 5, 4, 2, 0, 8, 6, 1, 3, 9]",True
1435,"[7, 5, 4, 2, 0, 8, 6, 1, 3, 9]",True
1435,"[7, 5, 4, 2, 0, 8, 6, 1, 3, 9]",True
1435,"[7, 5, 4, 2, 0, 8, 6, 1, 3, 9]",True
1435,"[7, 5, 4, 2, 0, 8, 6, 1, 3, 9]",True
1435,"[7, 5, 4, 2, 0, 8, 6, 1, 3, 9]",True
1435,"[0, 5, 7, 8, 2, 4, 6, 9, 3, 1]",True
1435,"[7, 5, 4, 2, 0, 8, 6, 1, 3, 9]",True
1346,"[0, 1, 2, 5, 4, 6, 7, 8, 9, 3]",True
1442,"[2, 1, 0, 4, 5, 8, 7, 3, 9, 6]",True
1448,"[1, 4, 0, 6, 8, 7, 5, 3, 9, 2]",True
1449,"[2, 7, 6, 0, 4, 9, 8, 5, 1, 3]",True
1452,"[1, 7, 5, 9, 3, 6, 4, 8, 2, 0]",True
1452,"[1, 5, 4, 0, 8, 6, 3, 9, 2, 7]",True
1453,"[5, 8, 0, 1, 6, 2, 3, 7, 9, 4]",True
1456,"[0, 5, 8, 4, 7, 3, 6, 1, 9, 2]",True
1457,"[2, 0, 7, 1, 4, 3, 8, 5, 9, 6]",True
1464,"[4, 1, 3, 5, 6, 7, 8, 9, 2, 0]",True
1466,"[8, 6, 9, 7, 4, 3, 2, 5, 1, 0]",True
1469,"[4, 2, 6, 5, 8, 9, 1, 0, 3, 7]",True
1469,"[1, 7, 0, 6, 5, 3, 9, 4, 8, 2]",True
1472,"[0, 8, 5, 4, 7, 3, 6, 1, 9, 2]",True
1472,"[0, 8, 5, 4, 7, 3, 6, 1, 9, 2]",True
1474,"[3, 1, 5, 2, 6, 4, 8, 9, 7, 0]",True
1474,"[4, 5, 8, 3, 1, 6, 0, 9, 2, 7]",True
1474,"[3, 1, 5, 2, 6, 4, 8, 9, 7, 0]",True
1474,"[4, 5, 8, 3, 1, 6, 0, 9, 2, 7]",True
1474,"[3, 1, 5, 2, 6, 4, 8, 9, 7, 0]",True
1474,"[4, 5, 8, 3, 1, 6, 0, 9, 2, 7]",True
1474,"[4, 5, 8, 3, 1, 6, 0, 9, 2, 7]",True
1474,"[4, 5, 8, 3, 1, 6, 0, 9, 2, 7]",True
1474,"[4, 5, 8, 3, 1, 6, 0, 9, 2, 7]",True
1474,"[4, 5, 8, 3, 1, 6, 0, 9, 2, 7]",True
1474,"[3, 1, 5, 2, 6, 4, 8, 9, 7, 0]",True
1474,"[4, 5, 8, 3, 1, 6, 0, 9, 2, 7]",True
1474,"[4, 5, 8, 3, 1, 6, 0, 9, 2, 7]",True
1474,"[4, 5, 8, 3, 1, 6, 0, 9, 2, 7]",True
1474,"[3, 1, 5, 2, 6, 4, 8, 9, 7, 0]",True
1474,"[4, 5, 8, 3, 1, 6, 0, 9, 2, 7]",True
1474,"[3, 1, 5, 2, 6, 4, 8, 9, 7, 0]",True
1474,"[4, 5, 8, 3, 1, 6, 0, 9, 2, 7]",True
1474,"[3, 1, 5, 2, 6, 4, 8, 9, 7, 0]",True
1474,"[4, 5, 8, 3, 1, 6, 0, 9, 2, 7]",True
1474,"[3, 1, 5, 2, 6, 4, 8, 9, 7, 0]",True
1474,"[4, 5, 8, 3, 1, 6, 0, 9, 2, 7]",True
1474,"[3, 1, 5, 2, 6, 4, 8, 9, 7, 0]",True
1474,"[4, 5, 8, 3, 1, 6, 0, 9, 2, 7]",True
1474,"[4, 5, 8, 3, 1, 6, 0, 9, 2, 7]",True
1474,"[4, 5, 8, 3, 1, 6, 0, 9, 2, 7]",True
1474,"[4, 5, 8, 3, 1, 6, 0, 9, 2, 7]",True
1474,"[4, 5, 8, 3, 1, 6, 0, 9, 2, 7]",True
1474,"[3, 1, 5, 2, 6, 4, 8, 9, 7, 0]",True
1474,"[4, 5, 8, 3, 1, 6, 0, 9, 2, 7]",True
1474,"[4, 5, 8, 3, 1, 6, 0, 9, 2, 7]",True
1474,"[4, 8, 5, 3, 1, 6, 0, 9, 2, 7]",True
1474,"[4, 8, 5, 3, 1, 6, 0, 9, 2, 7]",True
1474,"[4, 8, 5, 3, 1, 6, 0, 9, 2, 7]",True
1474,"[4, 5, 8, 3, 1, 6, 0, 9, 2, 7]",True
1474,"[4, 8, 5, 3, 1, 6, 0, 9, 2, 7]",True
1474,"[4, 5, 8, 3, 1, 6, 0, 9, 2, 7]",True
1474,"[3, 1, 5, 2, 6, 4, 8, 9, 7, 0]",True
1475,"[5, 7, 1, 8, 6, 9, 2, 3, 0, 4]",True
1478,"[5, 6, 8, 0, 3, 4, 2, 7, 1, 9]",True
1478,"[5, 6, 8, 0, 3, 4, 2, 7, 1, 9]",True
1478,"[3, 8, 1, 5, 2, 9, 6, 4, 7, 0]",True
1478,"[5, 6, 8, 0, 3, 4, 2, 7, 1, 9]",True
1478,"[3, 8, 1, 5, 2, 9, 6, 4, 7, 0]",True
1478,"[5, 6, 8, 0, 3, 4, 2, 7, 1, 9]",True
1478,"[3, 8, 1, 5, 2, 9, 6, 4, 7, 0]",True
1478,"[5, 6, 8, 0, 3, 4, 2, 7, 1, 9]",True
1478,"[3, 8, 1, 5, 2, 9, 6, 4, 7, 0]",True
1478,"[3, 8, 1, 5, 2, 9, 6, 4, 7, 0]",True
1478,"[3, 8, 1, 5, 2, 9, 6, 4, 7, 0]",True
1478,"[5, 6, 8, 0, 3, 4, 2, 7, 1, 9]",True
1478,"[3, 8, 1, 5, 2, 9, 6, 4, 7, 0]",True
1478,"[5, 6, 8, 0, 3, 4, 2, 7, 1, 9]",True
1478,"[3, 8, 1, 5, 2, 9, 6, 4, 7, 0]",True
1478,"[5, 6, 8, 0, 3, 4, 2, 7, 1, 9]",True
1478,"[3, 8, 1, 5, 2, 9, 6, 4, 7, 0]",True
1478,"[5, 6, 8, 0, 3, 4, 2, 7, 1, 9]",True
1478,"[3, 8, 1, 5, 2, 9, 6, 4, 7, 0]",True
1478,"[5, 6, 8, 0, 3, 4, 2, 7, 1, 9]",True
1478,"[3, 8, 1, 5, 2, 9, 6, 4, 7, 0]",True
1478,"[5, 6, 8, 0, 3, 4, 2, 7, 1, 9]",True
1478,"[3, 8, 1, 5, 2, 9, 6, 4, 7, 0]",True
1478,"[5, 6, 8, 0, 3, 4, 2, 7, 1, 9]",True
1478,"[3, 8, 1, 5, 2, 9, 6, 4, 7, 0]",True
1478,"[5, 6, 8, 0, 3, 4, 2, 7, 1, 9]",True
1478,"[3, 8, 1, 5, 2, 9, 6, 4, 7, 0]",True
1478,"[5, 6, 8, 0, 3, 4, 2, 7, 1, 9]",True
1478,"[3, 8, 1, 5, 2, 9, 6, 4, 7, 0]",True
1478,"[5, 6, 8, 0, 3, 4, 2, 7, 1, 9]",True
1478,"[5, 6, 8, 0, 3, 4, 2, 7, 1, 9]",True
1478,"[3, 8, 1, 5, 2, 9, 6, 4, 7, 0]",True
1480,"[0, 1, 9, 3, 6, 7, 8, 4, 5, 2]",True
1481,"[0, 8, 5, 4, 1, 3, 6, 9, 2, 7]",True
1481,"[0, 8, 5, 4, 1, 3, 6, 9, 2, 7]",True
1481,"[0, 8, 5, 4, 1, 3, 6, 9, 2, 7]",True
1481,"[0, 8, 5, 4, 1, 3, 6, 9, 2, 7]",True
1481,"[0, 8, 5, 4, 1, 3, 6, 9, 2, 7]",True
1481,"[0, 8, 5, 4, 1, 3, 6, 9, 2, 7]",True
1481,"[0, 8, 5, 4, 1, 3, 6, 9, 2, 7]",True
1481,"[0, 8, 5, 4, 1, 3, 6, 9, 2, 7]",True
1481,"[0, 8, 5, 4, 1, 3, 6, 9, 2, 7]",True
1481,"[0, 8, 5, 4, 1, 3, 6, 9, 2, 7]",True
1481,"[0, 8, 5, 4, 1, 3, 6, 9, 2, 7]",True
1481,"[0, 8, 5, 4, 1, 3, 6, 9, 2, 7]",True
1481,"[0, 8, 5, 4, 1, 3, 6, 9, 2, 7]",True
1371,"[0, 5, 2, 8, 7, 1, 4, 6, 9, 3]",False
1371,"[0, 5, 2, 8, 7, 1, 4, 6, 9, 3]",False
1371,"[0, 5, 2, 8, 7, 1, 4, 6, 9, 3]",False
1371,"[0, 5, 2, 8, 7, 1, 4, 6, 9, 3]",False
1371,"[0, 5, 2, 8, 7, 1, 4, 6, 9, 3]",False
1371,"[0, 5, 2, 8, 7, 1, 4, 6, 9, 3]",False
1371,"[0, 5, 2, 8, 7, 1, 4, 6, 9, 3]",False
1371,"[0, 5, 2, 8, 7, 1, 4, 6, 9, 3]",False
1371,"[0, 5, 2, 8, 7, 1, 4, 6, 9, 3]",False
1371,"[0, 5, 2, 8, 7, 1, 4, 6, 9, 3]",False
1371,"[0, 5, 2, 8, 7, 1, 4, 6, 9, 3]",False
1371,"[0, 5, 2, 8, 7, 1, 4, 6, 9, 3]",False
1371,"[0, 5, 2, 8, 7, 1, 4, 6, 9, 3]",False
1371,"[0, 5, 2, 8, 7, 1, 4, 6, 9, 3]",False
1371,"[0, 5, 2, 8, 7, 1, 4, 6, 9, 3]",False
1371,"[0, 5, 2, 8, 7, 1, 4, 6, 9, 3]",False
1371,"[0, 5, 2, 8, 7, 1, 4, 6, 9, 3]",False
1371,"[0, 5, 2, 8, 7, 1, 4, 6, 9, 3]",False
1371,"[0, 5, 2, 8, 7, 1, 4, 6, 9, 3]",False
1371,"[0, 5, 2, 8, 7, 1, 4, 6, 9, 3]",False
1371,"[0, 5, 2, 8, 7, 1, 4, 6, 9, 3]",False
1371,"[0, 5, 2, 8, 7, 1, 4, 6, 9, 3]",False
1371,"[0, 5, 2, 8, 7, 1, 4, 6, 9, 3]",False
1371,"[0, 5, 2, 8, 7, 1, 4, 6, 9, 3]",False
1371,"[0, 5, 2, 8, 7, 1, 4, 6, 9, 3]",False
1371,"[0, 5, 2, 8, 7, 1, 4, 6, 9, 3]",False
1371,"[0, 5, 2, 8, 7, 1, 4, 6, 9, 3]",False
1371,"[0, 5, 2, 8, 7, 1, 4, 6, 9, 3]",False
1371,"[0, 5, 2, 8, 7, 1, 4, 6, 9, 3]",False
1371,"[0, 5, 2, 8, 7, 1, 4, 6, 9, 3]",False
1371,"[0, 5, 2, 8, 7, 1, 4, 6, 9, 3]",False
1371,"[0, 5, 2, 8, 7, 1, 4, 6, 9, 3]",False
1371,"[0, 5, 2, 8, 7, 1, 4, 6, 9, 3]",False
1371,"[0, 5, 2, 8, 7, 1, 4, 6, 9, 3]",False
1371,"[0, 5, 2, 8, 7, 1, 4, 6, 9, 3]",False
1371,"[0, 5, 2, 8, 7, 1, 4, 6, 9, 3]",False
1371,"[0, 5, 2, 8, 7, 1, 4, 6, 9, 3]",False
1371,"[0, 5, 2, 8, 7, 1, 4, 6, 9, 3]",False
1371,"[0, 5, 2, 8, 7, 1, 4, 6, 9, 3]",False
1371,"[0, 5, 2, 8, 7, 1, 4, 6, 9, 3]",False
1371,"[0, 5, 2, 8, 7, 1, 4, 6, 9, 3]",False
1371,"[0, 5, 2, 8, 7, 1, 4, 6, 9, 3]",False
1371,"[0, 5, 2, 8, 7, 1, 4, 6, 9, 3]",False
1371,"[0, 5, 2, 8, 7, 1, 4, 6, 9, 3]",False
1371,"[0, 5, 2, 8, 7, 1, 4, 6, 9, 3]",False
1371,"[0, 5, 2, 8, 7, 1, 4, 6, 9, 3]",False
1371,"[0, 5, 2, 8, 7, 1, 4, 6, 9, 3]",False
1371,"[0, 5, 2, 8, 7, 1, 4, 6, 9, 3]",False
1371,"[0, 5, 2, 8, 7, 1, 4, 6, 9, 3]",False
1371,"[0, 5, 2, 8, 7, 1, 4, 6, 9, 3]",False
1371,"[0, 5, 2, 8, 7, 1, 4, 6, 9, 3]",False
1371,"[0, 5, 2, 8, 7, 1, 4, 6, 9, 3]",False
1371,"[0, 5, 2, 8, 7, 1, 4, 6, 9, 3]",False
1371,"[0, 5, 2, 8, 7, 1, 4, 6, 9, 3]",False
1371,"[0, 5, 2, 8, 7, 1, 4, 6, 9, 3]",False
1371,"[0, 5, 2, 8, 7, 1, 4, 6, 9, 3]",False
1371,"[0, 5, 2, 8, 7, 1, 4, 6, 9, 3]",False
1371,"[0, 5, 2, 8, 7, 1, 4, 6, 9, 3]",False
1371,"[0, 5, 2, 8, 7, 1, 4, 6, 9, 3]",False
1371,"[0, 5, 2, 8, 7, 1, 4, 6, 9, 3]",False
1371,"[0, 5, 2, 8, 7, 1, 4, 6, 9, 3]",False
1371,"[0, 5, 2, 8, 7, 1, 4, 6, 9, 3]",False
1371,"[0, 5, 2, 8, 7, 1, 4, 6, 9, 3]",False
1371,"[0, 5, 2, 8, 7, 1, 4, 6, 9, 3]",False
1371,"[0, 5, 2, 8, 7, 1, 4, 6, 9, 3]",False
1371,"[0, 5, 2, 8, 7, 1, 4, 6, 9, 3]",False
1371,"[0, 5, 2, 8, 7, 1, 4, 6, 9, 3]",False
1371,"[0, 5, 2, 8, 7, 1, 4, 6, 9, 3]",False
1371,"[0, 5, 2, 8, 7, 1, 4, 6, 9, 3]",False
1371,"[0, 5, 2, 8, 7, 1, 4, 6, 9, 3]",False
1371,"[0, 5, 2, 8, 7, 1, 4, 6, 9, 3]",False
1371,"[0, 5, 2, 8, 7, 1, 4, 6, 9, 3]",False
1371,"[0, 5, 2, 8, 7, 1, 4, 6, 9, 3]",False
1371,"[0, 5, 2, 8, 7, 1, 4, 6, 9, 3]",False
1371,"[0, 5, 2, 8, 7, 1, 4, 6, 9, 3]",False
1371,"[0, 5, 2, 8, 7, 1, 4, 6, 9, 3]",False
1371,"[0, 5, 2, 8, 7, 1, 4, 6, 9, 3]",False
1371,"[0, 5, 2, 8, 7, 1, 4, 6, 9, 3]",False
1371,"[0, 5, 2, 8, 7, 1, 4, 6, 9, 3]",False
1371,"[0, 5, 2, 8, 7, 1, 4, 6, 9, 3]",False
1371,"[0, 5, 2, 8, 7, 1, 4, 6, 9, 3]",False
1371,"[0, 5, 2, 8, 7, 1, 4, 6, 9, 3]",False
1371,"[0, 5, 2, 8, 7, 1, 4, 6, 9, 3]",False
1371,"[0, 5, 2, 8, 7, 1, 4, 6, 9, 3]",False
1371,"[0, 5, 2, 8, 7, 1, 4, 6, 9, 3]",False
1371,"[0, 5, 2, 8, 7, 1, 4, 6, 9, 3]",False
1371,"[0, 5, 2, 8, 7, 1, 4, 6, 9, 3]",False
1371,"[0, 5, 2, 8, 7, 1, 4, 6, 9, 3]",False
1371,"[0, 5, 2, 8, 7, 1, 4, 6, 9, 3]",False
1371,"[0, 5, 2, 8, 7, 1, 4, 6, 9, 3]",False
1371,"[0, 5, 2, 8, 7, 1, 4, 6, 9, 3]",False
1371,"[0, 5, 2, 8, 7, 1, 4, 6, 9, 3]",False
1371,"[0, 5, 2, 8, 7, 1, 4, 6, 9, 3]",False
1371,"[0, 5, 2, 8, 7, 1, 4, 6, 9, 3]",False
1371,"[0, 5, 2, 8, 7, 1, 4, 6, 9, 3]",False
1371,"[0, 5, 2, 8, 7, 1, 4, 6, 9, 3]",False
1371,"[0, 5, 2, 8, 7, 1, 4, 6, 9, 3]",False
1371,"[0, 5, 2, 8, 7, 1, 4, 6, 9, 3]",False
1371,"[0, 5, 2, 8, 7, 1, 4, 6, 9, 3]",False
1371,"[0, 5, 2, 8, 7, 1, 4, 6, 9, 3]",False
1392,"[6, 8, 1, 4, 7, 2, 5, 0, 9, 3]",True
1419,"[5, 6, 4, 1, 2, 9, 0, 8, 7, 3]",True
1419,"[5, 6, 4, 1, 2, 9, 0, 8, 7, 3]",True
1419,"[5, 6, 4, 1, 2, 9, 0, 8, 7, 3]",True
1422,"[2, 5, 3, 1, 6, 7, 8, 4, 9, 0]",True
1425,"[6, 2, 5, 0, 7, 3, 4, 1, 9, 8]",True
1435,"[5, 8, 4, 1, 2, 6, 0, 9, 7, 3]",True
1435,"[5, 8, 4, 1, 2, 6, 0, 9, 7, 3]",True
1435,"[5, 8, 4, 1, 2, 6, 0, 9, 7, 3]",True
1435,"[5, 8, 4, 1, 2, 6, 0, 9, 7, 3]",True
1435,"[5, 8, 4, 1, 2, 6, 0, 9, 7, 3]",True
1435,"[5, 8, 4, 1, 2, 6, 0, 9, 7, 3]",True
1435,"[5, 8, 4, 1, 2, 6, 0, 9, 7, 3]",True
1435,"[5, 8, 4, 1, 2, 6, 0, 9, 7, 3]",True
1435,"[5, 8, 4, 1, 2, 6, 0, 9, 7, 3]",True
1435,"[5, 8, 4, 1, 2, 6, 0, 9, 7, 3]",True
1435,"[5, 8, 4, 1, 2, 6, 0, 9, 7, 3]",True
1435,"[5, 8, 4, 1, 2, 6, 0, 9, 7, 3]",True
1435,"[5, 8, 4, 1, 2, 6, 0, 9, 7, 3]",True
1435,"[5, 8, 4, 1, 2, 6, 0, 9, 7, 3]",True
1435,"[5, 8, 4, 1, 2, 6, 0, 9, 7, 3]",True
1435,"[5, 8, 4, 1, 2, 6, 0, 9, 7, 3]",True
1435,"[5, 8, 4, 1, 2, 6, 0, 9, 7, 3]",True
1435,"[5, 8, 4, 1, 2, 6, 0, 9, 7, 3]",True
1435,"[5, 8, 4, 1, 2, 6, 0, 9, 7, 3]",True
1435,"[5, 8, 4, 1, 2, 6, 0, 9, 7, 3]",True
1435,"[5, 8, 4, 1, 2, 6, 0, 9, 7, 3]",True
1435,"[5, 8, 4, 1, 2, 6, 0, 9, 7, 3]",True
1435,"[5, 8, 4, 1, 2, 6, 0, 9, 7, 3]",True
1435,"[5, 8, 4, 1, 2, 6, 0, 9, 7, 3]",True
1435,"[5, 8, 4, 1, 2, 6, 0, 9, 7, 3]",True
1435,"[5, 8, 4, 1, 2, 6, 0, 9, 7, 3]",True
1435,"[5, 8, 4, 1, 2, 6, 0, 9, 7, 3]",True
1435,"[5, 8, 4, 1, 2, 6, 0, 9, 7, 3]",True
1435,"[5, 8, 4, 1, 2, 6, 0, 9, 7, 3]",True
1435,"[5, 8, 4, 1, 2, 6, 0, 9, 7, 3]",True
1435,"[4, 7, 2, 6, 5, 1, 0, 8, 3, 9]",True
1435,"[4, 7, 2, 6, 5, 1, 0, 8, 3, 9]",True
1435,"[4, 7, 2, 6, 5, 1, 0, 8, 3, 9]",True
1435,"[4, 7, 2, 6, 5, 1, 0, 8, 3, 9]",True
1435,"[4, 7, 2, 6, 5, 1, 0, 8, 3, 9]",True
1435,"[4, 7, 2, 6, 5, 1, 0, 8, 3, 9]",True
1435,"[4, 7, 2, 6, 5, 1, 0, 8, 3, 9]",True
1435,"[4, 7, 2, 6, 5, 1, 0, 8, 3, 9]",True
1435,"[4, 7, 2, 6, 5, 1, 0, 8, 3, 9]",True
1435,"[4, 7, 2, 6, 5, 1, 0, 8, 3, 9]",True
1435,"[4, 7, 2, 6, 5, 1, 0, 8, 3, 9]",True
1435,"[4, 7, 2, 6, 5, 1, 0, 8, 3, 9]",True
1435,"[4, 7, 2, 6, 5, 1, 0, 8, 3, 9]",True
1435,"[4, 7, 2, 6, 5, 1, 0, 8, 3, 9]",True
1435,"[4, 7, 2, 6, 5, 1, 0, 8, 3, 9]",True
1435,"[5, 8, 4, 1, 2, 6, 0, 9, 7, 3]",True
1435,"[5, 8, 4, 1, 2, 6, 0, 9, 7, 3]",True
1435,"[5, 8, 4, 1, 2, 6, 0, 9, 7, 3]",True
1435,"[5, 8, 4, 1, 2, 6, 0, 9, 7, 3]",True
1435,"[5, 8, 4, 1, 2, 6, 0, 9, 7, 3]",True
1435,"[5, 8, 4, 1, 2, 6, 0, 9, 7, 3]",True
1435,"[5, 8, 4, 1, 2, 6, 0, 9, 7, 3]",True
1435,"[5, 8, 4, 1, 2, 6, 0, 9, 7, 3]",True
1435,"[5, 8, 4, 1, 2, 6, 0, 9, 7, 3]",True
1435,"[5, 8, 4, 1, 2, 6, 0, 9, 7, 3]",True
1435,"[5, 8, 4, 1, 2, 6, 0, 9, 7, 3]",True
1435,"[5, 8, 4, 1, 2, 6, 0, 9, 7, 3]",True
1435,"[5, 8, 4, 1, 2, 6, 0, 9, 7, 3]",True
1441,"[4, 6, 5, 1, 2, 9, 0, 8, 7, 3]",True
1441,"[4, 6, 5, 1, 2, 9, 0, 8, 7, 3]",True
1441,"[4, 6, 5, 1, 2, 9, 0, 8, 7, 3]",True
1441,"[4, 6, 5, 1, 2, 9, 0, 8, 7, 3]",True
1441,"[8, 7, 2, 6, 5, 1, 0, 4, 3, 9]",True
1441,"[4, 6, 5, 1, 2, 9, 0, 8, 7, 3]",True
1441,"[4, 6, 5, 1, 2, 9, 0, 8, 7, 3]",True
1441,"[8, 7, 2, 6, 5, 1, 0, 4, 3, 9]",True
1441,"[4, 6, 5, 1, 2, 9, 0, 8, 7, 3]",True
1441,"[4, 6, 5, 1, 2, 9, 0, 8, 7, 3]",True
1441,"[8, 7, 2, 6, 5, 1, 0, 4, 3, 9]",True
1441,"[4, 6, 5, 1, 2, 9, 0, 8, 7, 3]",True
1441,"[8, 7, 2, 6, 5, 1, 0, 4, 3, 9]",True
1441,"[4, 6, 5, 1, 2, 9, 0, 8, 7, 3]",True
1441,"[8, 7, 2, 6, 5, 1, 0, 4, 3, 9]",True
1441,"[8, 7, 2, 6, 5, 1, 0, 4, 3, 9]",True
1441,"[8, 7, 2, 6, 5, 1, 0, 4, 3, 9]",True
1441,"[4, 6, 5, 1, 2, 9, 0, 8, 7, 3]",True
1441,"[8, 7, 2, 6, 5, 1, 0, 4, 3, 9]",True
1441,"[4, 6, 5, 1, 2, 9, 0, 8, 7, 3]",True
1441,"[8, 7, 2, 6, 5, 1, 0, 4, 3, 9]",True
1441,"[4, 6, 5, 1, 2, 9, 0, 8, 7, 3]",True
1441,"[4, 6, 5, 1, 2, 9, 0, 8, 7, 3]",True
1441,"[4, 6, 5, 1, 2, 9, 0, 8, 7, 3]",True
1441,"[4, 6, 5, 1, 2, 9, 0, 8, 7, 3]",True
1441,"[4, 6, 5, 1, 2, 9, 0, 8, 7, 3]",True
1441,"[4, 6, 5, 1, 2, 9, 0, 8, 7, 3]",True
1441,"[4, 6, 5, 1, 2, 9, 0, 8, 7, 3]",True
1441,"[4, 6, 5, 1, 2, 9, 0, 8, 7, 3]",True
1441,"[4, 6, 5, 1, 2, 9, 0, 8, 7, 3]",True
1441,"[4, 6, 5, 1, 2, 9, 0, 8, 7, 3]",True
1441,"[4, 6, 5, 1, 2, 9, 0, 8, 7, 3]",True
1441,"[4, 6, 5, 1, 2, 9, 0, 8, 7, 3]",True
1441,"[4, 6, 5, 1, 2, 9, 0, 8, 7, 3]",True
1441,"[8, 7, 2, 6, 5, 1, 0, 4, 3, 9]",True
1441,"[4, 6, 5, 1, 2, 9, 0, 8, 7, 3]",True
1374,"[4, 0, 5, 7, 9, 6, 8, 1, 3, 2]",True
1405,"[7, 1, 2, 5, 6, 9, 8, 4, 3, 0]",True
1418,"[2, 1, 4, 0, 6, 5, 3, 8, 7, 9]",True
1421,"[0, 4, 9, 3, 6, 8, 1, 5, 2, 7]",True
1432,"[2, 4, 5, 6, 9, 1, 3, 8, 7, 0]",True
1432,"[5, 0, 4, 6, 8, 9, 2, 1, 3, 7]",True
1435,"[4, 2, 8, 6, 5, 0, 1, 7, 9, 3]",True
1436,"[0, 1, 8, 6, 4, 9, 5, 7, 3, 2]",True
1437,"[5, 3, 2, 1, 6, 8, 0, 4, 9, 7]",True
1437,"[1, 4, 8, 6, 3, 5, 2, 0, 9, 7]",True
1437,"[1, 4, 8, 6, 3, 5, 2, 0, 9, 7]",True
1437,"[1, 4, 8, 6, 3, 5, 2, 0, 9, 7]",True
1437,"[1, 4, 8, 6, 3, 5, 2, 0, 9, 7]",True
1437,"[1, 4, 8, 6, 3, 5, 2, 0, 9, 7]",True
1437,"[5, 3, 2, 1, 6, 8, 0, 4, 9, 7]",True
1437,"[5, 3, 2, 1, 6, 8, 0, 4, 9, 7]",True
1437,"[5, 3, 2, 1, 6, 8, 0, 4, 9, 7]",True
1437,"[1, 4, 8, 6, 3, 5, 2, 0, 9, 7]",True
1437,"[5, 3, 2, 1, 6, 8, 0, 4, 9, 7]",True
1437,"[1, 4, 8, 6, 3, 5, 2, 0, 9, 7]",True
1437,"[1, 4, 8, 6, 3, 5, 2, 0, 9, 7]",True
1437,"[1, 4, 8, 6, 3, 5, 2, 0, 9, 7]",True
1437,"[5, 3, 2, 1, 6, 8, 0, 4, 9, 7]",True
1437,"[1, 4, 8, 6, 3, 5, 2, 0, 9, 7]",True
1437,"[5, 3, 2, 1, 6, 8, 0, 4, 9, 7]",True
1437,"[5, 3, 2, 1, 6, 8, 0, 4, 9, 7]",True
1437,"[5, 3, 2, 1, 6, 8, 0, 4, 9, 7]",True
1437,"[1, 4, 8, 6, 3, 5, 2, 0, 9, 7]",True
1437,"[1, 4, 8, 6, 3, 5, 2, 0, 9, 7]",True
1437,"[1, 4, 8, 6, 3, 5, 2, 0, 9, 7]",True
1437,"[5, 3, 2, 1, 6, 8, 0, 4, 9, 7]",True
1437,"[1, 4, 8, 6, 3, 5, 2, 0, 9, 7]",True
1437,"[5, 3, 2, 1, 6, 8, 0, 4, 9, 7]",True
1437,"[1, 4, 8, 6, 3, 5, 2, 0, 9, 7]",True
1437,"[5, 3, 2, 1, 6, 8, 0, 4, 9, 7]",True
1437,"[5, 3, 2, 1, 6, 8, 0, 4, 9, 7]",True
1437,"[5, 3, 2, 1, 6, 8, 0, 4, 9, 7]",True
1437,"[1, 4, 8, 6, 3, 5, 2, 0, 9, 7]",True
1437,"[1, 4, 8, 6, 3, 5, 2, 0, 9, 7]",True
1437,"[5, 3, 2, 1, 6, 8, 0, 4, 9, 7]",True
1437,"[1, 4, 8, 6, 3, 5, 2, 0, 9, 7]",True
1437,"[5, 3, 2, 1, 6, 8, 0, 4, 9, 7]",True
1437,"[1, 4, 8, 6, 3, 5, 2, 0, 9, 7]",True
1437,"[5, 3, 2, 1, 6, 8, 0, 4, 9, 7]",True
1437,"[1, 4, 8, 6, 3, 5, 2, 0, 9, 7]",True
1437,"[5, 3, 2, 1, 6, 8, 0, 4, 9, 7]",True
1437,"[1, 4, 8, 6, 3, 5, 2, 0, 9, 7]",True
1437,"[5, 3, 2, 1, 6, 8, 0, 4, 9, 7]",True
1437,"[1, 4, 8, 6, 3, 5, 2, 0, 9, 7]",True
1437,"[5, 3, 2, 1, 6, 8, 0, 4, 9, 7]",True
1437,"[1, 4, 8, 6, 3, 5, 2, 0, 9, 7]",True
1437,"[5, 3, 2, 1, 6, 8, 0, 4, 9, 7]",True
1437,"[1, 4, 8, 6, 3, 5, 2, 0, 9, 7]",True
1437,"[5, 3, 2, 1, 6, 8, 0, 4, 9, 7]",True
1437,"[1, 4, 8, 6, 3, 5, 2, 0, 9, 7]",True
1437,"[5, 3, 2, 1, 6, 8, 0, 4, 9, 7]",True
1437,"[1, 4, 8, 6, 3, 5, 2, 0, 9, 7]",True
1437,"[5, 3, 2, 1, 6, 8, 0, 4, 9, 7]",True
1437,"[1, 4, 8, 6, 3, 5, 2, 0, 9, 7]",True
1437,"[5, 3, 2, 1, 6, 8, 0, 4, 9, 7]",True
1437,"[1, 4, 8, 6, 3, 5, 2, 0, 9, 7]",True
1437,"[5, 3, 2, 1, 6, 8, 0, 4, 9, 7]",True
1437,"[1, 4, 8, 6, 3, 5, 2, 0, 9, 7]",True
1437,"[1, 4, 8, 6, 3, 5, 2, 0, 9, 7]",True
1437,"[5, 3, 2, 1, 6, 8, 0, 4, 9, 7]",True
1437,"[5, 3, 2, 1, 6, 8, 0, 4, 9, 7]",True
1437,"[1, 4, 8, 6, 3, 5, 2, 0, 9, 7]",True
1437,"[5, 3, 2, 1, 6, 8, 0, 4, 9, 7]",True
1437,"[5, 3, 2, 1, 6, 8, 0, 4, 9, 7]",True
1437,"[1, 4, 8, 6, 3, 5, 2, 0, 9, 7]",True
1441,"[0, 6, 2, 5, 1, 8, 7, 3, 4, 9]",True
1442,"[5, 0, 6, 2, 4, 1, 3, 8, 7, 9]",True
1448,"[6, 4, 8, 9, 3, 2, 5, 0, 1, 7]",True
1453,"[1, 8, 5, 7, 4, 3, 6, 9, 0, 2]",True
1453,"[1, 8, 5, 7, 4, 3, 6, 9, 0, 2]",True
1453,"[1, 8, 5, 7, 4, 3, 6, 9, 0, 2]",True
1453,"[1, 8, 5, 7, 4, 3, 6, 9, 0, 2]",True
1453,"[1, 8, 5, 7, 4, 3, 6, 9, 0, 2]",True
1453,"[7, 2, 5, 3, 4, 6, 1, 9, 0, 8]",True
1456,"[8, 1, 2, 5, 4, 0, 3, 6, 7, 9]",True
1456,"[4, 8, 1, 6, 2, 0, 3, 5, 7, 9]",True
1463,"[5, 6, 1, 8, 7, 0, 9, 3, 4, 2]",True
1470,"[0, 1, 6, 7, 5, 2, 3, 9, 8, 4]",True
1471,"[2, 8, 1, 3, 4, 7, 6, 5, 9, 0]",True
1480,"[5, 0, 8, 1, 4, 2, 7, 3, 6, 9]",True
1480,"[7, 4, 5, 9, 8, 2, 6, 1, 3, 0]",True
1480,"[3, 8, 4, 1, 2, 5, 7, 0, 9, 6]",True
1481,"[4, 1, 9, 8, 3, 2, 5, 7, 6, 0]",True
1482,"[4, 2, 6, 9, 5, 8, 1, 7, 3, 0]",True
1482,"[6, 0, 5, 2, 4, 3, 7, 9, 1, 8]",True
1482,"[7, 4, 2, 8, 3, 6, 1, 5, 9, 0]",True
1483,"[6, 1, 2, 0, 9, 3, 8, 7, 5, 4]",True
1490,"[7, 0, 8, 2, 5, 1, 3, 9, 6, 4]",True
1490,"[7, 0, 8, 2, 5, 1, 3, 9, 6, 4]",True
1490,"[7, 0, 8, 2, 5, 1, 3, 9, 6, 4]",True
1490,"[7, 0, 8, 2, 5, 1, 3, 9, 6, 4]",True
1490,"[7, 0, 8, 2, 5, 1, 3, 9, 6, 4]",True
1490,"[7, 0, 8, 2, 5, 1, 3, 9, 6, 4]",True
1490,"[9, 4, 6, 5, 2, 3, 8, 7, 0, 1]",True
1490,"[6, 0, 2, 8, 3, 1, 7, 4, 5, 9]",True
